,image,w,h
0,IMG_20210625_150705.jpg,562,600
1,IMG_20210625_150712.jpg,566,600
2,IMG_20210625_150718.jpg,597,600
3,IMG_20210625_150718 (copy 1).jpg,600,470
4,IMG_20210625_151623.jpg,450,600
5,IMG_20210625_151628.jpg,363,600
6,IMG_20210625_151638.jpg,450,600
7,IMG_20210625_152930.jpg,450,600
8,IMG_20210625_152930 (copy 1).jpg,600,452
9,IMG_20210625_152939.jpg,450,600
10,IMG_20210625_152943.jpg,450,600
11,IMG_20210625_144833.jpg,450,600
12,IMG_20210625_145002.jpg,450,600
13,IMG_20210625_151031.jpg,467,600
14,IMG_20210625_151037.jpg,470,600
15,IMG_20210625_151041.jpg,450,600
16,IMG_20210625_151826.jpg,450,600
17,IMG_20210625_151834.jpg,462,600
18,IMG_20210625_151542.jpg,388,600
19,IMG_20210625_151545.jpg,450,600
20,IMG_20210625_151548.jpg,450,600
21,IMG_20210625_151243.jpg,450,600
22,IMG_20210625_151251.jpg,450,600
23,web_flutes.JPG,640,480
24,IMG_20210625_152403.jpg,450,600
25,IMG_20210625_152410.jpg,450,600
26,IMG_20210625_152413.jpg,450,600
27,IMG_20210625_151213.jpg,600,552
28,IMG_20210625_151217.jpg,551,600
29,IMG_20210625_151224.jpg,450,600
30,IMG_20210625_151343.jpg,450,600
31,IMG_20210625_151349.jpg,450,600
32,IMG_20210625_151353.jpg,450,600
33,IMG_20210625_151718.jpg,450,600
34,IMG_20210625_151726.jpg,450,600
35,IMG_20210625_151730.jpg,450,600
36,IMG_20210625_152046.jpg,450,600
37,IMG_20210625_152055.jpg,450,600
38,IMG_20210625_152115.jpg,600,450
39,IMG_20210625_151915.jpg,450,600
40,IMG_20210625_151924.jpg,533,600
41,IMG_20210625_151849.jpg,450,600
42,IMG_20210625_151857.jpg,450,600
43,IMG_20210625_152454.jpg,450,600
44,IMG_20210625_152458.jpg,450,600
45,IMG_20210625_152505.jpg,450,600
46,web_beard.JPG,480,640
47,IMG_20210625_152232.jpg,450,600
48,IMG_20210625_152241.jpg,450,600
49,IMG_20210625_152248.jpg,450,600
50,IMG_20200228_131200.jpg,450,600
51,IMG_20200903_164759.jpg,450,600
52,IMG_20200907_163121.jpg,450,600
53,asterix_museum.jpg,450,600
54,asterix_web2.jpg,485,600
55,black_mister_sky_gerade_glare.jpg,450,600
56,blumen_original.jpg,600,450
57,blumen_schräg.jpg,427,414
58,brandner_original.jpg,410,473
59,brandner_schräg.jpg,450,600
60,cerwenka_glare.jpg,450,600
61,chaplin_gerade2.jpg,450,600
62,drioli_glare.jpg,450,600
63,fallani_glare.jpg,450,600
64,fallani_glare_nahe.jpg,450,600
65,fischer_gerade.jpg,450,600
66,flora_gerade.jpg,450,600
67,flora_gerade_finster.jpg,450,600
68,fujino_glare.jpg,450,600
69,fujino_glare3.jpg,450,600
70,fujino_glare_gerade.jpg,450,600
71,gestacker_gerade.jpg,450,600
72,griff_museum.jpg,600,450
73,gunther_blurry.jpg,450,600
74,gunther_gerade.jpg,450,600
75,gunther_schräg.jpg,450,600
76,hafen_schräg.jpg,450,600
77,hamsterin_web2.jpg,466,600
78,holzdruck_gerade.jpg,450,600
79,hundertwasser_gerade_glare.jpg,600,450
80,hundertwasser_museum.jpg,450,600
81,hw_gerade_glare.jpg,450,600
82,hw_mr_schräg_glare.jpg,450,600
83,irinaland_good.jpg,450,600
84,isis_pompeij.jpg,600,450
85,jap_holz_glare.jpg,450,600
86,jap_holz_glare_gerade.jpg,450,600
87,jap_holzdruck_glare.jpg,450,600
88,jap_holzdruck_glare_gerade.jpg,450,600
89,korab_gerade.jpg,450,600
90,korab_glare_schräg.jpg,450,600
91,landschaft_gerade.jpg,450,600
92,landschaft_gerade2.jpg,450,600
93,landschaft_schräg2.jpg,450,600
94,langlois_glare.jpg,450,600
95,langlois_vg_museum (copy 1).jpg,481,600
96,madame_paul_museum.jpg,520,600
97,madame_paul_museum_cropped.jpg,525,600
98,mosaic_museum.jpg,450,600
99,mosaic_web1.jpg,473,473
100,moschee_gerade.jpg,450,600
101,oichten_gerade_glare.jpg,450,600
102,oichten_glare.jpg,450,600
103,onkel_gunther_gerade2.jpg,450,600
104,poetry_museum.jpg,450,600
105,pygmies_museum.jpg,600,450
106,renoir_bath_museum.jpg,450,600
107,renoir_bath_web2.jpg,303,373
108,ruse_of_reasonmuseum.jpg,450,600
109,sampl_gerade_glare.jpg,450,600
110,sampl_thomatal_gerade.jpg.jpg,450,600
111,sampl_thomatal_glare_gerade.jpg.jpg,450,600
112,schlangen_web1.jpg,466,600
113,selbstbildnis_vg_museum.jpg,450,600
114,stefans_plane_newspaper_side.jpg.jpg,450,600
115,stefans_plane_newspaper_straight.jpg.jpg,450,600
116,stefans_plane_newspaper_straight2.jpg,450,600
117,20210812_194234.jpg,750,1000
118,20210812_194238.jpg,750,1000
119,20210812_194851.jpg,750,1000
120,20210812_194855.jpg,750,1000
121,20210812_194902.jpg,750,1000
122,20210812_194926.jpg,750,1000
123,20210812_194933.jpg,750,1000
124,20210812_194936.jpg,750,1000
125,20210812_195519.jpg,750,1000
126,20210812_195521.jpg,750,1000
127,20210812_195853.jpg,750,1000
128,20210812_195858.jpg,750,1000
129,20210819_202834.jpg,1000,750
130,20210819_202836.jpg,1000,750
131,20210819_202935.jpg,750,1000
132,20210819_202941.jpg,750,1000
133,20210819_202946.jpg,750,1000
134,20210819_203506.jpg,750,1000
135,IMG-20210609-WA0002.jpg,1000,750
136,IMG-20210609-WA0003.jpg,750,1000
137,IMG-20210609-WA0004.jpg,1000,750
138,IMG-20210609-WA0005.jpg,1000,750
139,IMG-20210609-WA0006.jpg,1000,750
140,IMG-20210825-WA0052.jpg,1000,750
141,IMG-20210905-WA0003.jpg,750,1000
142,IMG-20210905-WA0004.jpg,1000,750
143,IMG-20210905-WA0005.jpg,1000,750
144,IMG_20200812_172100.jpg,750,1000
145,IMG_20200906_120009.jpg,750,1000
146,IMG_20210122_121430.jpg,336,461
147,IMG_20210122_121717.jpg,750,1000
148,IMG_20210122_124701.jpg,750,1000
149,20210821_144858.jpg,450,600
150,20210821_145030.jpg,450,600
151,20210821_145147.jpg,450,600
152,20210821_150446.jpg,450,600
153,20210821_151209.jpg,450,600
154,20210821_151239.jpg,450,600
155,20210821_151900.jpg,450,600
156,20210821_151954.jpg,600,450
157,20210821_152041.jpg,600,450
158,20210821_153036.jpg,600,450
159,20210823_113407.jpg,450,600
160,20210823_115007.jpg,600,450
161,20210823_115339.jpg,600,450
162,20210823_115525.jpg,600,450
163,20210823_115642.jpg,600,450
164,20210823_120501.jpg,600,450
165,20210823_120607.jpg,600,450
166,20210823_121241.jpg,450,600
167,20210823_121523.jpg,600,450
168,20210823_122519.jpg,450,600
169,20210823_122523.jpg,450,600
170,20210823_122601.jpg,600,450
171,20210823_123502.jpg,450,600
172,20210823_130146.jpg,600,450
173,20210823_133003.jpg,450,600
174,20210823_134239.jpg,450,600
175,20210823_134844.jpg,600,450
176,20210824_115101.jpg,450,600
177,20210824_115334.jpg,600,450
178,20210824_115703.jpg,450,600
179,20210824_115900.jpg,600,450
180,20210824_120146.jpg,600,450
181,20210824_121252.jpg,450,600
182,20210824_121535.jpg,600,450
183,20210824_121834.jpg,450,600
184,20210824_130636.jpg,450,600
185,20210824_132022.jpg,600,450
186,20210824_132434.jpg,600,450
187,20210824_132909.jpg,600,450
188,20210824_133328.jpg,450,600
189,20210824_133603.jpg,600,450
190,20210824_133827.jpg,450,600
191,20210824_135604.jpg,600,450
192,20210824_140158.jpg,600,450
193,20210824_140245.jpg,600,450
194,20210824_140558.jpg,600,450
195,20210824_140601.jpg,600,450
196,20210824_141433.jpg,600,450
197,20210824_151406.jpg,600,450
198,20210824_151952.jpg,600,450
199,20210824_151954.jpg,600,450
200,20210824_152453.jpg,600,450
201,20210824_152456.jpg,600,450
202,20210824_153003.jpg,600,450
203,0000115247.jpg,357,465
204,05-albertina.jpg,589,456
205,08_150610d_0026s.jpeg,427,312
206,1006.jpeg,600,400
207,100_2859.jpg,175,207
208,12321313.jpeg,163,212
209,183205194_762391244422800_7847327228572944351_n-300x300.jpg,171,192
210,22730394750616810_1568888496145535.jpg,336,477
211,30_Albertina_(C)Unterkreuter.jpg,580,552
212,32_Albertina_(C)Unterkreuter (1).jpg,600,582
213,32_Albertina_(C)Unterkreuter.jpg,600,474
214,887861_bigpicture_310510_klimt1.jpg,597,600
215,Albertina-Raffael-15.jpg,400,600
216,Albertina-Raffael-5.jpg,590,600
217,Albertina-monet-11.jpg,600,400
218,Albertina-monet-6.jpg,600,400
219,Ausstellung-Wien-Inspiration-Fotografie-Besucher.jpeg,443,600
220,Ausstellung-Wien-Inspiration-Fotografie_01.jpeg,438,600
221,Ausstellungsansicht-Edvard-Munch_f.jpg,175,244
222,Matisse_KunsthausZH_nu-de-dos-1904-arcufo.jpg,536,301
223,MyStylery_Wien_Albertina_Egon_Schiele-Ausstellung-7.jpg,600,450
224,Mystylery_Raffael_Ausstellung_Albertina-Wien_-13-754x680.jpg,600,541
225,Mystylery_Raffael_Ausstellung_Albertina-Wien_-13.jpg,549,600
226,Mystylery_Raffael_Ausstellung_Albertina-Wien_-3.jpg,518,600
227,OBS_20200110_OBS0013-4-3-167026672000-2667x2000.jpg,484,600
228,Warhol-to-Richter-Courtesy-of-Albertina-Museum.jpg,410,461
229,_439886224589.jpg,480,600
230,albertina-galerie-picasso-ausstellung-31308238.jpg,385,541
231,albertina-in-wien-zeigt-grosse-monet-ausstellung-mit-100-werken-c8ca-d94c-7c06-f2b3-7b2b.jpg,600,399
232,argenteuil-1875-by-claude-monet-musee-de-lorangerie-tuileries-paris-france-RKD4FP.jpg,600,552
233,artwork.jpg,276,300
234,belvedere-museum-klimtschielekok3.jpg,368,399
235,claude-monet-albertina-museum-wien-93533440.jpg,600,581
236,crop1.jpg,590,600
237,crop10.jpg,363,600
238,crop11.jpg,203,455
239,crop12.jpg,305,335
240,crop13.jpg,226,266
241,crop14.jpg,230,341
242,crop15.jpg,275,327
243,crop16.jpg,176,271
244,crop17.jpg,453,471
245,crop18.jpg,245,285
246,crop19.jpg,180,228
247,crop2.jpg,495,600
248,crop20.jpg,166,88
249,crop21.jpg,126,163
250,crop22.jpg,112,149
251,crop3.jpg,345,461
252,crop4.jpg,417,330
253,crop5.jpg,324,600
254,crop6.jpg,467,558
255,crop7.jpg,220,269
256,crop8.jpg,217,231
257,crop9.jpg,266,369
258,download (1).jpeg,111,153
259,images (3).jpeg,202,168
260,images (4).jpeg,259,194
261,images (5).jpeg,262,193
262,images (6).jpeg,130,152
263,images1123.jpeg,183,275
264,img_1271.jpg,189,214
265,img_1505.jpeg,368,489
266,in-der-wiener-albertina-sind-werke-von-c-500x443.jpg,300,376
267,merlin_170144787_341a2e46-c758-46e0-a77f-8379c8929213-articleLarge.jpg,196,226
268,raffael-portrait-bindo-altoviti-ca-vienna-austria-december-albertina-dedicating-comprehensive-exhibition-to-great-107303844.jpg,248,299
269,raffael-young-st-john-baptist-desert-vienna-austria-december-albertina-dedicating-comprehensive-exhibition-to-107300773.jpg,294,369
270,unnamedsdf.jpg,512,384
271,20210917_162928.jpg,450,600
272,20210917_162935.jpg,450,600
273,20210917_162938.jpg,450,600
274,20210917_162942.jpg,450,600
275,20210917_162948.jpg,450,600
276,20210917_162954.jpg,450,600
277,20210917_163008.jpg,450,600
278,20210917_163013.jpg,450,600
279,20210917_163019.jpg,450,600
280,20210917_163040.jpg,450,600
281,20210917_163047.jpg,450,600
282,20210917_163050.jpg,450,600
283,20210917_163132.jpg,450,600
284,20210917_163154.jpg,450,600
285,20210917_163159.jpg,450,600
286,20210917_163203.jpg,450,600
287,20210917_163212.jpg,450,600
288,20210917_163454.jpg,450,600
289,20210917_163459.jpg,450,600
290,20210917_163519.jpg,450,600
291,20210917_163526.jpg,450,600
292,20210917_163536.jpg,450,600
293,20210917_163551.jpg,450,600
294,20210917_163557.jpg,450,600
295,20210917_163601.jpg,450,600
296,20210917_163620.jpg,450,600
297,20210917_163627.jpg,450,600
298,20210917_163630.jpg,450,600
299,20210917_163641.jpg,450,600
300,20210917_163956.jpg,450,600
301,20210917_164001.jpg,450,600
302,20210917_164241.jpg,450,600
303,20210917_164531.jpg,450,600
304,20210917_164535.jpg,450,600
305,20210917_164539.jpg,450,600
306,20210917_164635.jpg,450,600
307,20210917_164651.jpg,450,600
308,20210917_164656.jpg,450,600
309,20210917_164659.jpg,450,600
310,20210917_164910.jpg,450,600
311,20210917_164932.jpg,450,600
312,20210917_165308.jpg,450,600
313,20210917_165318.jpg,450,600
314,20210917_165324.jpg,450,600
315,20210917_165412.jpg,450,600
316,20210917_165946.jpg,450,600
317,20210917_165951.jpg,450,600
318,20210917_170113.jpg,450,600
319,20210917_170306.jpg,450,600
320,20210917_170311.jpg,450,600
321,20210917_170335.jpg,450,600
322,20210917_170344.jpg,450,600
323,20210917_170351.jpg,450,600
324,20210917_170402.jpg,450,600
325,20210917_170516.jpg,450,600
326,20210917_170530.jpg,450,600
327,20210917_170544.jpg,450,600
328,20210917_170627.jpg,600,450
329,20210917_170649.jpg,450,600
330,20210917_170653.jpg,450,600
331,20210917_170702.jpg,450,600
332,20210917_170728.jpg,450,600
333,20210917_170734.jpg,450,600
334,20210917_170740.jpg,450,600
335,20210917_170913.jpg,450,600
336,20210917_170917.jpg,450,600
337,20210917_170929.jpg,450,600
338,20210917_171007.jpg,450,600
339,20210917_171021.jpg,450,600
340,20210917_171040.jpg,450,600
341,20210917_171056.jpg,450,600
342,20210917_171103.jpg,450,600
343,20210917_171129.jpg,450,600
344,20210917_171148.jpg,450,600
345,20210917_171205.jpg,450,600
346,20210917_171207.jpg,450,600
347,20210917_171213.jpg,450,600
348,20210917_171221.jpg,450,600
349,20210917_171256.jpg,450,600
350,20210917_171302.jpg,450,600
351,20210917_171310.jpg,450,600
352,20210917_171323.jpg,450,600
353,20210917_171329.jpg,450,600
354,20210917_171351.jpg,450,600
355,20210917_171354.jpg,450,600
356,20210917_171357.jpg,450,600
357,20210917_171426.jpg,450,600
358,20210917_171501.jpg,450,600
359,20210917_171508.jpg,450,600
360,20210917_171542.jpg,450,600
361,20210917_171547.jpg,450,600
362,20210917_171558.jpg,450,600
363,20210917_171604.jpg,450,600
364,20210917_171609.jpg,450,600
365,20210917_171627.jpg,450,600
366,20210917_171631.jpg,450,600
367,20210917_171657.jpg,450,600
368,20210917_171703.jpg,450,600
369,20210917_171709.jpg,450,600
370,20210917_171721.jpg,450,600
371,20210917_171811.jpg,450,600
372,20210917_171820.jpg,450,600
373,20210917_171848.jpg,450,600
374,20210917_172112.jpg,450,600
375,20210917_172118.jpg,450,600
376,20210922_165651.jpg,480,640
377,20210922_165657.jpg,480,640
378,20210922_165659.jpg,480,640
379,20210922_165816.jpg,480,640
380,20210922_165826.jpg,480,640
381,20210922_165855.jpg,480,640
382,20210922_165857.jpg,480,640
383,20210922_165940.jpg,480,640
384,20210922_165957.jpg,480,640
385,20210922_170027.jpg,480,640
386,20210922_170052.jpg,480,640
387,20210922_170102.jpg,480,640
388,20210922_170111.jpg,480,640
389,20210922_170136.jpg,480,640
390,20210922_170205.jpg,480,640
391,20210922_170213.jpg,480,640
392,20210922_170229.jpg,480,640
393,20210922_170249.jpg,480,640
394,20210922_170252.jpg,480,640
395,20210922_170310.jpg,480,640
396,20210922_170313.jpg,480,640
397,20210922_170338.jpg,480,640
398,20210922_170352.jpg,480,640
399,20210922_170400.jpg,480,640
400,20210922_170419.jpg,480,640
401,20210922_170425.jpg,480,640
402,20210922_170447.jpg,480,640
403,20210922_170502.jpg,480,640
404,20210922_170515.jpg,480,640
405,20210922_170603.jpg,480,640
406,20210922_170612.jpg,480,640
407,20210922_170614.jpg,480,640
408,20210922_170621.jpg,480,640
409,20210922_170703.jpg,480,640
410,20210922_170705.jpg,480,640
411,20210922_170716.jpg,480,640
412,20210922_170719.jpg,480,640
413,20210922_170724.jpg,480,640
414,20210922_170756.jpg,480,640
415,20210922_170800.jpg,480,640
416,20210922_170804.jpg,480,640
417,20210922_170807.jpg,480,640
418,20210922_170815.jpg,480,640
419,20210922_170822.jpg,480,640
420,20210922_170840.jpg,480,640
421,20210922_170848.jpg,480,640
422,20210922_170852.jpg,480,640
423,20210922_170900.jpg,480,640
424,20210922_170924.jpg,480,640
425,20210922_170929.jpg,480,640
426,20210922_170939.jpg,480,640
427,20210922_171033.jpg,480,640
428,20210922_171045.jpg,480,640
429,20210922_171054.jpg,480,640
430,20210922_171107.jpg,480,640
431,20210922_171111.jpg,480,640
432,20210922_171150.jpg,480,640
433,20210922_171157.jpg,480,640
434,20210922_171159.jpg,480,640
435,20210922_171211.jpg,480,640
436,20210922_171215.jpg,480,640
437,20210922_171220.jpg,480,640
438,20210922_171225.jpg,480,640
439,20210922_171233.jpg,480,640
440,20210922_171252.jpg,480,640
441,20210922_171700.jpg,480,640
442,20210922_171719.jpg,480,640
443,20210922_172038.jpg,480,640
444,20210922_173743.jpg,480,640
445,20210922_174607.jpg,480,640
446,20210922_180233.jpg,480,640
447,20210922_180240.jpg,480,640
448,20210922_180252.jpg,480,640
449,20210922_180255.jpg,480,640
450,20210922_180300.jpg,480,640
451,20210922_180246.jpg,457,640
452,20210922_180249.jpg,493,640
453,242177658_10163260443368125_8380300380765855737_n.jpg,640,640
454,242181377_10163260443348125_1998744997868187038_n.jpg,640,640
455,242186541_10163260443378125_7904849282362839532_n.jpg,640,640
456,242194043_10163260443343125_4301650992162116083_n.jpg,640,640
457,242245768_10163260443393125_2533648027351925329_n.jpg,640,640
458,242266153_10163260443383125_1821573681241067387_n.jpg,640,640
459,242304672_10163260443363125_7979003961609446447_n.jpg,640,640
460,IMG-20210922-WA0009.jpg,480,640
461,IMG-20210922-WA0010.jpg,480,640
462,IMG-20210922-WA0011.jpg,480,640
463,IMG-20210922-WA0012.jpg,480,640
464,IMG-20210922-WA0013.jpg,480,640
465,IMG-20210922-WA0014.jpg,480,640
466,IMG-20210922-WA0015.jpg,480,640
467,IMG-20210922-WA0016.jpg,480,640
468,IMG-20210922-WA0017.jpg,480,640
469,IMG-20210922-WA0018.jpg,480,640
470,IMG-20210922-WA0019.jpg,480,640
471,IMG-20210922-WA0020.jpg,480,640
472,IMG-20210922-WA0021.jpg,480,640
473,IMG-20210922-WA0022.jpg,480,640
474,IMG-20210922-WA0023.jpg,480,640
475,IMG-20210922-WA0024.jpg,480,640
476,IMG-20210922-WA0025.jpg,480,640
477,IMG-20210922-WA0026.jpg,480,640
478,IMG-20210922-WA0027.jpg,480,640
479,IMG-20210922-WA0028.jpg,640,480
480,IMG-20210922-WA0029.jpg,640,480
481,IMG-20210922-WA0030.jpg,640,359
482,IMG-20210922-WA0031.jpg,640,480
483,IMG-20210922-WA0032.jpg,640,480
484,IMG-20210922-WA0033.jpg,480,640
485,IMG-20210922-WA0034.jpg,640,480
486,IMG-20210922-WA0035.jpg,480,640
487,IMG-20210922-WA0036.jpg,480,640
488,IMG-20210922-WA0037.jpg,480,640
489,IMG-20210922-WA0038.jpg,480,640
490,IMG-20210922-WA0039.jpg,480,640
491,IMG-20210922-WA0040.jpg,640,480
492,IMG-20210922-WA0041.jpg,480,640
493,IMG-20210922-WA0042.jpg,480,640
494,IMG-20210922-WA0043.jpg,480,640
495,IMG-20210922-WA0044.jpg,480,640
496,IMG-20210922-WA0045.jpg,480,640
497,IMG-20210922-WA0046.jpg,640,480
498,IMG-20210922-WA0047.jpg,640,480
499,IMG-20210922-WA0048.jpg,640,480
500,IMG-20210922-WA0049.jpg,480,640
501,IMG-20210922-WA0050.jpg,480,640
502,IMG-20210922-WA0051.jpg,640,480
503,IMG-20210922-WA0052.jpg,480,640
504,IMG-20210922-WA0053.jpg,640,480
505,IMG-20210922-WA0054.jpg,480,640
506,IMG-20210922-WA0055.jpg,640,480
507,IMG-20210922-WA0056.jpg,640,480
508,IMG-20210922-WA0057.jpg,640,480
509,20210921_164033.jpg,480,640
510,20210921_164038.jpg,480,640
511,20210921_164043.jpg,480,640
512,20210921_164046.jpg,480,640
513,20210921_164050.jpg,480,640
514,20210921_164059.jpg,480,640
515,20210921_164103.jpg,480,640
516,20210921_164106.jpg,480,640
517,20210921_164115.jpg,480,640
518,20210921_164118.jpg,480,640
519,20210921_164135.jpg,480,640
520,20210921_164138.jpg,480,640
521,20210921_164147.jpg,480,640
522,20210921_164150.jpg,480,640
523,20210921_164153.jpg,480,640
524,20210921_164159.jpg,480,640
525,20210921_164201.jpg,480,640
526,20210921_164204.jpg,480,640
527,20210921_164206.jpg,480,640
528,20210921_164210.jpg,480,640
529,20210921_164213.jpg,480,640
530,20210921_164220.jpg,480,640
531,20210921_164228.jpg,480,640
532,20210921_164230.jpg,480,640
533,20210921_164235.jpg,480,640
534,20210921_164238.jpg,480,640
535,20210921_164247.jpg,480,640
536,20210921_164251.jpg,480,640
537,20210921_164253.jpg,480,640
538,20210921_164256.jpg,480,640
539,20210921_164259.jpg,480,640
540,20210921_164307.jpg,480,640
541,20210921_164316.jpg,480,640
542,20210921_164319.jpg,480,640
543,20210921_164323.jpg,480,640
544,20210921_164327.jpg,480,640
545,20210921_164332.jpg,480,640
546,20210921_164335.jpg,480,640
547,20210921_164343.jpg,480,640
548,20210921_164445.jpg,480,640
549,20210921_164449.jpg,480,640
550,IMG-20210921-WA0017.jpg,480,640
551,IMG-20210921-WA0018.jpg,480,640
552,IMG-20210921-WA0019.jpg,640,480
553,IMG-20210921-WA0020.jpg,640,480
554,IMG-20210921-WA0021.jpg,480,640
555,IMG-20210921-WA0022.jpg,480,640
556,IMG-20210921-WA0023.jpg,480,640
557,IMG-20210921-WA0024.jpg,480,640
558,IMG-20210921-WA0026.jpg,480,640
559,IMG-20210921-WA0027.jpg,640,480
560,IMG-20210921-WA0028.jpg,480,640
561,IMG-20210921-WA0029.jpg,640,480
562,IMG-20210921-WA0030.jpg,640,480
563,IMG-20210921-WA0031.jpg,480,640
564,IMG-20210921-WA0032.jpg,480,640
565,IMG-20210921-WA0033.jpg,480,640
566,IMG-20210921-WA0034.jpg,640,480
567,IMG-20210921-WA0035.jpg,480,640
568,IMG-20210921-WA0036.jpg,640,480
569,20210812_194926_manipulated.jpg,740,853
570,20210812_194936_manupulated.jpg,746,921
571,20210821_151209_man.jpg,450,600
572,20210823_115339_man.jpg,600,450
573,20210823_134239_man.jpg,450,600
574,20210824_121252_man.jpg,450,600
575,20210824_132434_man.jpg,600,450
576,20210824_132909_man.jpg,551,414
577,20210824_133328_man.jpg,450,600
578,20210824_133603_man.jpg,504,398
579,20210824_135604_man.jpg,600,450
580,20210824_140158_man.jpg,600,450
581,20210824_151406_man.jpg,506,397
582,20210917_163551_man.jpg,450,600
583,20210917_164656_man.jpg,450,600
584,20210917_171501_man.jpg,450,600
585,IMG-20210922-WA0038_man.jpg,480,640
586,IMG_20210625_150712_man.jpg,566,600
587,IMG_20210625_150718_man.jpg,597,600
588,IMG_20210625_152248_man.jpg,450,600
589,IMG_20210625_152403_man.jpg,450,600
590,IMG_20210625_152410_man.jpg,450,600
591,IMG_20210625_152930 (copy 1)_man.jpg,600,452
592,argenteuil-1875-by-claude-monet-musee-de-lorangerie-tuileries-paris-france-RKD4FP_man.jpg,598,508
593,crop14_man.jpg,230,341
594,crop4_man.jpg,417,330
595,breugel_virtual1.jpg,471,644
596,breugel_virtual2.jpg,1348,871
597,breugel_virtual3.jpg,474,639
598,breugel_virtual4.jpg,510,683
599,$_59.jpeg,552,640
600,02theluteplayer.jpg,640,480
601,03-16w-crmet-breuer15.jpg,640,426
602,03thedenialofsaintpeter.jpg,640,480
603,05themusicians.jpg,640,480
604,0a9e1112-665b-42bf-a75b-5d3d48265fe9-2060x1236.jpeg,217,308
605,110942.jpg,640,359
606,110951.jpg,427,590
607,13caravaggio.jpg,479,640
608,228174578.jpg,480,640
609,242076533_243009157753269_800762626854359132_n.jpg,640,480
610,26vandyck-notebook1-articleLarge.jpg,512,640
611,4ec6f46f0500e2088c3161f5f2338fb6.jpg,628,471
612,4ecde914294c9efc00bcad255df2dd81.jpg,504,640
613,501367-exposition-leonard-de-vinci-au-louvre-les-photos-2.jpg,520,278
614,501385-exposition-leonard-de-vinci-au-louvre-les-photos-8.jpg,640,426
615,501388-exposition-leonard-de-vinci-au-louvre-les-photos-9.jpg,269,401
616,501397-exposition-leonard-de-vinci-au-louvre-les-photos-12.jpg,521,640
617,501400-exposition-leonard-de-vinci-au-louvre-les-photos-13.jpg,388,542
618,501415-exposition-leonard-de-vinci-au-louvre-les-photos-18.jpg,640,426
619,501427-exposition-leonard-de-vinci-au-louvre-les-photos-22.jpg,436,617
620,501451-exposition-leonard-de-vinci-au-louvre-les-photos-30.jpg,640,360
621,501466-exposition-leonard-de-vinci-au-louvre-les-photos-35.jpg,478,612
622,54881426_403.jpg,357,478
623,58c2be87459a454e008b46b9.jpg,640,564
624,6ce7a39c7d1fbd3b05f685e602dcd2d2.jpg,640,345
625,9e6e9d0ff146c3150b05e10474205610.jpg,550,550
626,Delacroix2-siteweb.jpg,175,275
627,IMG_0980.jpg,640,640
628,IMG_6463-900x675.jpg,477,640
629,JeuneFillePerle.jpg,555,640
630,Louvre_Liberty-leading-the-people-wide-with-guests_SM-copy-768x512.jpg,640,426
631,Marie-Antoinette-auf-Karton_a.jpg,513,640
632,Monet_Eroffnung_DvB_90_1_.jpg,410,572
633,Monet_Higlight_13 (1).jpg,428,306
634,Monet_Higlight_13.jpg,418,602
635,Portrait-de-Femme-Leonardo-da-Vinci-2-Louvre-Museum-Paris-France.jpg,426,640
636,Salvator-Mundi_865727302.jpg,476,629
637,Samuel-Mutzner_Peisaj-de-toamna-1024x858.jpg,640,536
638,bilderrahmen-im-barockstil-407788.jpg,565,640
639,c7ca6db4d9c5f0ad7044675fd27a25ce.png,480,640
640,cali.jpg,214,314
641,dela_crop1.jpg,463,368
642,dela_crop10.jpg,640,456
643,dela_crop11.jpg,558,640
644,dela_crop12.jpg,409,620
645,dela_crop13.jpg,468,640
646,dela_crop2.jpg,491,418
647,dela_crop3.jpg,470,640
648,dela_crop4.jpg,431,640
649,dela_crop5.jpg,483,640
650,dela_crop6.jpg,640,418
651,dela_crop7.jpg,640,383
652,dela_crop8.jpg,640,555
653,dela_crop9.jpg,640,404
654,icebergs-in-museum-659x494.jpg,399,294
655,interwebs.jpg,236,333
656,khm_Crop1.jpg,432,605
657,khm_Crop2.jpg,349,541
658,louvre3.jpg,640,444
659,merlin_crop1.jpg,328,424
660,merlin_crop2.jpg,414,559
661,merlin_crop3.jpg,371,533
662,merlin_crop4.jpg,475,624
663,merlin_crop5.jpg,321,507
664,merlin_crop6.jpg,287,394
665,metr_crop1.jpg,640,426
666,metr_crop10.jpg,356,509
667,metr_crop2.jpg,382,504
668,metr_crop3.jpg,433,635
669,metr_crop4.jpg,419,547
670,metr_crop5.jpg,366,578
671,metr_crop6.jpg,450,596
672,metr_crop7.jpg,272,374
673,metr_crop8.jpg,224,316
674,metr_crop9.jpg,370,537
675,mona_louvre.jpeg,465,537
676,monet_crop1.jpg,439,356
677,monet_crop2.jpg,230,325
678,monet_crop3.jpg,342,216
679,monet_crop4.jpg,310,451
680,monet_crop5.jpg,451,358
681,musee-marmottan-monet-museum-paris-france-703.jpg,427,540
682,musee-marmottan-monet-museum-paris-france-705.jpg,640,380
683,musee-marmottan-monet-museum-paris-france-708.jpg,640,432
684,ottoman1.jpg,417,617
685,ottoman2.jpg,484,640
686,ottoman3.jpg,441,607
687,ottoman4.jpg,382,524
688,ottoman5.jpg,306,457
689,ottoman6.jpg,381,512
690,phoca_thumb_l_24-met-arte-moderno.jpg,176,238
691,s-l1000.jpg,640,640
692,s-l400.jpg,331,400
693,screenshot1.jpg,327,449
694,screenshot2.jpg,387,503
695,screenshot3.jpg,279,390
696,screenshot4.jpg,228,358
697,screenshot5.jpg,506,640
698,somecrop.jpg,254,358
699,velazques_crop1.jpg,371,498
700,velazques_crop2.jpg,451,558
701,zurbaran_crop1.jpg,485,624
702,zurbaran_crop2.jpg,329,460
703,-jupiter-und-io-von-paris-bordone-.jpg,640,360
704,0710-whistlers-mother.jpg,640,466
705,101.jpeg,498,640
706,11549231_1.jpg,640,640
707,20180308_170837.jpg,480,640
708,20180308_171934.jpg,480,640
709,20180308_172522.jpg,480,640
710,20180308_173320.jpg,480,640
711,20180408_152149.jpg,480,640
712,20180429_152854.jpg,480,640
713,20180513_172005.jpg,480,640
714,20180513_174530.jpg,480,640
715,20181028_165141.jpg,480,640
716,20210923_214612.jpg,480,640
717,20210923_214614.jpg,480,640
718,20210923_214628.jpg,640,480
719,20210926_030909.jpg,480,640
720,20211003_220354.jpg,480,640
721,20211003_220400.jpg,480,640
722,20211003_220404.jpg,480,640
723,20211003_220409.jpg,480,640
724,20211003_220413.jpg,480,640
725,20211003_220416.jpg,480,640
726,20211003_220420.jpg,480,640
727,20211003_220422.jpg,480,640
728,20211003_220427.jpg,480,640
729,20211003_220429.jpg,480,640
730,20211003_220432.jpg,480,640
731,20211003_220442.jpg,480,640
732,20211003_220444.jpg,480,640
733,20211003_220447.jpg,480,640
734,20211003_220451.jpg,480,640
735,20211005_124547.jpg,480,640
736,20211005_124551.jpg,480,640
737,20211005_210935.jpg,480,640
738,20211005_210948.jpg,480,640
739,20211005_210953.jpg,480,640
740,20211005_210956.jpg,480,640
741,20211005_211001.jpg,480,640
742,20211005_211105.jpg,480,640
743,20211005_211110.jpg,480,640
744,20211026_204600.jpg,480,640
745,20211028_150028.jpg,480,640
746,20211028_150040.jpg,480,640
747,20211103_003912.jpg,480,640
748,20211103_003918.jpg,480,640
749,20211103_003928.jpg,480,640
750,20211103_003933.jpg,480,640
751,20211103_003939.jpg,480,640
752,20211103_004016.jpg,480,640
753,20211103_004019.jpg,480,640
754,20211103_004021.jpg,480,640
755,20211103_155323.jpg,480,640
756,20211105_125057.jpg,480,640
757,20211105_125800.jpg,480,640
758,20211105_125804.jpg,480,640
759,20211223_141159.jpg,480,640
760,20211223_142057.jpg,480,640
761,20211227_144243.jpg,480,640
762,20211227_144249.jpg,480,640
763,20211227_144258.jpg,480,640
764,20211227_144301.jpg,480,640
765,20211227_144304.jpg,480,640
766,20211227_144331.jpg,480,640
767,20211227_144346.jpg,480,640
768,20211227_144350.jpg,480,640
769,20211227_144354.jpg,480,640
770,FB_IMG_1633393569461.jpg,480,640
771,Rembrandt-Night-Watch.jpg,640,427
772,Rubens_workshop_-_Le_Massacre_des_Innocents_-_Mus-es_royaux_des_beaux-arts_de_Belgique.jpg,640,477
773,The-Sleeping-Gypsy-1-Henri-Rousseau1987.jpg,640,336
774,download.jpeg,640,452
775,frompng.jpg,537,640
776,gettyimages-90014436-1607000963.jpg,469,640
777,khm_fb_1.jpg,561,417
778,khm_fb_2.jpg,385,479
779,khm_fb_3.jpg,403,590
780,khm_fb_4.jpg,365,570
781,khm_fb_5.jpg,343,480
782,son-of-man-1964-Rene-Magritte-1.jpg,495,640
783,sticker-tableau-picasso--les-demoiselles-d-avignon-ambiance-sticker-col-RJ030.jpg,640,502
784,elements1.jpg,640,608
785,elements2.jpg,491,640
786,$_57.jpeg,640,480
787,$_86 (1).jpeg,640,480
788,$_86.jpeg,430,640
789,01951d87-dce9-4f57-a552-24f049d7ac82.jpg,640,480
790,1-Bronze-Large-Parvati_3.jpg,449,640
791,1-Painted-Wooden-Ganapathi-Figure.jpg,449,640
792,106988_005.jpeg,640,439
793,1361277695672-ztf91.jpg,405,640
794,1578197045_636_s-l1600.jpg,432,640
795,178N09595_96N5P.jpg,446,640
796,2017_11_13_PHOTO_00005476_master.jpg,480,640
797,2019_CKS_18152_0402_002(an_old_babylonian_cuneiform_clay_tablet_of_the_ur-isin_king_list_isin).jpg,479,640
798,20201127_141621.jpg,362,640
799,2020_NYR_19058_0045_000(a_roman_marble_portrait_bust_of_a_man_antonine_period_circa_mid_2nd_ce111530).jpg,531,640
800,27097153151_15abcf9222_b.jpg,480,640
801,27_ViennaMuseums.jpeg,520,390
802,2b917a83fe350f7845444c4815479e77.jpg,480,640
803,379611649_0960d2c1df_b.jpg,480,640
804,3819a73aeb6f535d253535ed75fff274.jpg,640,425
805,40_ViennaMuseums.jpeg,640,480
806,45345fgfddf.jpg,519,600
807,5456222110_5c7db19126.jpg,321,500
808,57f8598dcc12e27df1a198de8ad3d639.jpg,426,640
809,5bf02ba2511db41ea62a874f.jpeg,640,480
810,5d14295d9e85ec4f954e0304cb0c7986--julius-caesar-ancient-rome.jpg,523,640
811,5ebba8168eed6.jpg,640,640
812,5f4616282551c.jpg,640,640
813,632a61b3eb6fbfd73e705d317b8bdf31.jpg,640,576
814,6b092fc768347bd9254e17f8cd5330f8.jpg,480,640
815,6dadb6e4a63d7cd3c34acb64bb8f1365.jpg,426,640
816,753425.JPG,640,426
817,78ae744a22fe5e675ce06594f86526e6.jpg,425,640
818,8512150971_fc09a0b8a8_b.jpg,426,640
819,8a927e8c2c1e2b5ee109b35acf6fa63d.jpg,640,640
820,9892.jpg,640,588
821,AHA1084.4L.jpg,639,640
822,A_gents_antique_silver_wrist_w_as170a3301z-1.jpg,512,640
823,An_ornate_antique_open_faced_P_as170a4142z.jpg,636,640
824,Apollo-Classical-Greek-bust-statue-1234-p.jpg,409,640
825,C0389620-Greek_statue.jpg,480,640
826,Casket_ivory_Louvre_UCAD4417.jpg,640,473
827,Dollarphotoclub_5378865.jpg,640,599
828,Gents_Smiths_Astral_wrist_watc_as170a4482z.jpg,459,640
829,HTB1DxQlPFXXXXb9XFXXq6xXFXXXK.jpg,422,640
830,IMG_0561.jpg,480,640
831,IMG_2003_z.jpg,426,640
832,K-169-G_20GREEN_20LINER_grande.jpeg,538,573
833,KK_2018_14360.jpg,575,640
834,KK_2058_01.jpg,612,640
835,KK_3392_06.jpg,640,425
836,KK_8924_9380.jpg,640,449
837,Kunsthistorisches_Museum_Wien_2016_Kunstkammer_Nikolaus_Schmidt_Prunkbecken_mit_Kanne_KK_1124_KK_1138_a.jpg,640,427
838,SI_RM_1070bw-900x598.jpg,640,425
839,SaalXX_DC75796.jpg,426,640
840,Saal_XXIX_3.jpg,600,399
841,Salzburg-Do-Re-Mi-statues-on-gate-posts-into-Mirabellgarten-statue-close-up.jpg,480,640
842,Vandalised-Statues-5.jpg,469,640
843,a42a32cd8a49d3e13ac246c57cb07b88.jpg,480,640
844,adsadsdsdsdsd.jpg,450,600
845,adsfdggj.jpg,512,341
846,ancient-maya-statue-rocks-near-ocean-maya-statue-82514377.jpg,498,640
847,augustus-roemische-kaiser-bueste-von-bevilacqua_3.jpg,480,640
848,babylonian-clay-tablet-granger.jpg,384,640
849,bronze-egyptian-ibis.jpg,640,640
850,bronze-statue.jpg,450,600
851,ddfdfddddddddddd.jpg,600,555
852,dfdffddsa.jpg,450,600
853,dfdfhfjjlö.jpg,450,600
854,dfgdlkjösd.jpg,400,600
855,diana-roman-head-stone-bust-statue--large-garden-ornament_1.jpg,505,640
856,dsfffdfdfdfdfdfdfdf.jpg,450,600
857,dsgsdg.jpg,450,600
858,e6a8f5c8742cb4f93113a9230ef828ef--roman-sculpture-art-sculpture.jpg,478,640
859,fdgdfhhk.JPG,640,507
860,fgdljkl.jpg,600,450
861,fsdfsdfs.jpg,600,399
862,hjkhjkh.jpg,391,543
863,il_794xN.1126743466_21h9.jpg,462,640
864,il_794xN.1350789736_cyca.jpg,480,640
865,il_794xN.1760183621_i31s.jpg,303,640
866,il_fullxfull.1021104148_hsxm.jpg,480,640
867,il_fullxfull.1375112497_63ad.jpg,640,480
868,il_fullxfull.1474118810_thuq.jpg,500,640
869,il_fullxfull.1552888534_m4au.jpg,640,640
870,il_fullxfull.1863051836_294u.jpg,640,640
871,il_fullxfull.2292632414_qikr.jpg,640,639
872,il_fullxfull.2687021755_h6to.jpg,480,640
873,istockphoto-1057956656-612x612.jpg,555,612
874,jugendstil-schatulle-mit-leder-1gFLwVAmORWeEF.jpg,640,484
875,kronjuwelen-gesucht---opulenter-ring-barock-stil-925er-silber-vergoldet-zirkonia (1).jpg,640,480
876,kronjuwelen-gesucht---opulenter-ring-barock-stil-925er-silber-vergoldet-zirkonia.jpg,640,480
877,kunstkammer-globuspokal.jpg,640,422
878,maya-statue-3d-model-max-obj.jpg,572,640
879,maya-statue-ancient-rocks-near-ocean-33710714.jpg,640,424
880,maya-warrior-statue-7066457.jpg,416,640
881,museum_egyptian.jpg,450,600
882,museum_frong.jpg,450,600
883,museum_front (copy 1).jpg,450,600
884,old_stand_watch.jpg,640,640
885,pl18082997-remark.jpg,640,457
886,resized_BCI01_JE006-01.jpg,640,483
887,rolex_converted.jpg,640,640
888,s-l1000 (1).jpg,640,584
889,s-l1000-coin.jpg,640,613
890,sddsdsdfsdf.jpg,450,600
891,sdfasdfsdfas.jpg,517,600
892,sdfdsfasdf.jpg,450,600
893,sdfsdfsad.jpg,345,334
894,sdfsdfshklöä.jpg,428,600
895,sdfsfdfdfdfddfdfdf.jpg,481,600
896,sdjhlöä#.jpg,450,600
897,sfsdfddd.jpg,450,600
898,sfsdgfhjjjj.jpg,400,600
899,sphinx-sculptures-belvedere-gardens-vienna-baroque-palace-complex-was-built-as-summer-residence-prince-eugene-savoy-75707760.jpg,640,470
900,ssdsdsddsdfsfss.jpg,480,640
901,ssdsdsddsss.jpg,600,399
902,sulaymaniyah-gilgamesh-epic-.jpg,424,640
903,vintage-rolex-submariner-1680.jpg,640,397
904,web2_flip.jpg,345,334
905,web_132.jpg,422,600
906,web_234234.jpg,414,529
907,web_front.jpg,399,600
908,webp_converted.jpg,640,531
909,werwer233.jpg,450,600
910,ysfhjlk.jpg,600,399
