image,51,82,214,152,IMG_20210625_150705.jpg,320,320
image,59,83,220,153,IMG_20210625_150712.jpg,320,320
image,14,52,286,218,IMG_20210625_150718.jpg,320,320
image,11,11,298,292,IMG_20210625_150718 (copy 1).jpg,320,320
image,70,80,168,165,IMG_20210625_151623.jpg,320,320
image,57,82,180,165,IMG_20210625_151628.jpg,320,320
image,31,6,269,249,IMG_20210625_151638.jpg,320,320
image,36,101,248,142,IMG_20210625_152930.jpg,320,320
image,12,4,302,310,IMG_20210625_152930 (copy 1).jpg,320,320
image,64,96,213,123,IMG_20210625_152939.jpg,320,320
image,53,95,222,123,IMG_20210625_152943.jpg,320,320
image,38,36,235,255,IMG_20210625_144833.jpg,320,320
image,75,61,171,176,IMG_20210625_145002.jpg,320,320
image,79,70,160,176,IMG_20210625_151031.jpg,320,320
image,90,74,161,167,IMG_20210625_151037.jpg,320,320
image,60,22,244,250,IMG_20210625_151041.jpg,320,320
image,58,58,201,216,IMG_20210625_151826.jpg,320,320
image,99,57,181,196,IMG_20210625_151834.jpg,320,320
image,35,54,233,213,IMG_20210625_151542.jpg,320,320
image,40,41,220,234,IMG_20210625_151545.jpg,320,320
image,29,26,257,259,IMG_20210625_151548.jpg,320,320
image,6,85,308,152,IMG_20210625_151243.jpg,320,320
image,0,62,319,190,IMG_20210625_151251.jpg,320,320
image,16,41,274,247,web_flutes.JPG,320,320
image,52,52,210,213,IMG_20210625_152403.jpg,320,320
image,73,62,186,185,IMG_20210625_152410.jpg,320,320
image,26,50,220,221,IMG_20210625_152413.jpg,320,320
image,53,51,225,211,IMG_20210625_151213.jpg,320,320
image,37,45,230,186,IMG_20210625_151217.jpg,320,320
image,23,55,284,181,IMG_20210625_151224.jpg,320,320
image,48,87,235,151,IMG_20210625_151343.jpg,320,320
image,41,81,237,148,IMG_20210625_151349.jpg,320,320
image,53,75,223,142,IMG_20210625_151353.jpg,320,320
image,54,58,210,201,IMG_20210625_151718.jpg,320,320
image,33,57,215,204,IMG_20210625_151726.jpg,320,320
image,54,41,238,220,IMG_20210625_151730.jpg,320,320
image,6,119,299,84,IMG_20210625_152046.jpg,320,320
image,12,120,289,76,IMG_20210625_152055.jpg,320,320
image,21,93,273,125,IMG_20210625_152115.jpg,320,320
image,19,83,284,166,IMG_20210625_151915.jpg,320,320
image,47,68,240,155,IMG_20210625_151924.jpg,320,320
image,16,29,289,268,IMG_20210625_151849.jpg,320,320
image,33,39,270,243,IMG_20210625_151857.jpg,320,320
image,42,35,238,254,IMG_20210625_152454.jpg,320,320
image,44,29,249,258,IMG_20210625_152458.jpg,320,320
image,41,51,225,225,IMG_20210625_152505.jpg,320,320
image,53,59,205,212,web_beard.JPG,320,320
image,45,51,232,227,IMG_20210625_152232.jpg,320,320
image,65,62,205,197,IMG_20210625_152241.jpg,320,320
image,60,51,192,185,IMG_20210625_152248.jpg,320,320
image,84,15,164,285,IMG_20200228_131200.jpg,320,320
image,29,29,256,268,IMG_20200903_164759.jpg,320,320
image,30,63,265,189,IMG_20200907_163121.jpg,320,320
image,60,43,208,225,asterix_museum.jpg,320,320
image,49,36,220,241,asterix_web2.jpg,320,320
image,44,14,210,270,black_mister_sky_gerade_glare.jpg,320,320
image,29,26,267,250,blumen_original.jpg,320,320
image,37,63,254,184,blumen_schräg.jpg,320,320
image,48,38,224,235,brandner_original.jpg,320,320
image,42,61,242,213,brandner_schräg.jpg,320,320
image,65,71,200,204,cerwenka_glare.jpg,320,320
image,29,38,235,263,chaplin_gerade2.jpg,320,320
image,55,66,193,196,drioli_glare.jpg,320,320
image,53,51,206,219,fallani_glare.jpg,320,320
image,49,31,225,244,fallani_glare_nahe.jpg,320,320
image,26,110,244,113,fischer_gerade.jpg,320,320
image,21,122,269,135,flora_gerade.jpg,320,320
image,33,99,242,130,flora_gerade_finster.jpg,320,320
image,66,121,188,105,fujino_glare.jpg,320,320
image,21,117,270,143,fujino_glare3.jpg,320,320
image,21,105,287,143,fujino_glare_gerade.jpg,320,320
image,48,113,225,126,gestacker_gerade.jpg,320,320
image,38,82,228,182,griff_museum.jpg,320,320
image,67,79,198,181,gunther_blurry.jpg,320,320
image,61,65,206,194,gunther_gerade.jpg,320,320
image,46,66,225,228,gunther_schräg.jpg,320,320
image,24,66,260,135,hafen_schräg.jpg,320,320
image,36,26,256,270,hamsterin_web2.jpg,320,320
image,51,41,224,254,holzdruck_gerade.jpg,320,320
image,43,63,209,229,hundertwasser_gerade_glare.jpg,320,320
image,26,88,267,154,hundertwasser_museum.jpg,320,320
image,44,15,210,270,hw_gerade_glare.jpg,320,320
image,85,45,169,214,hw_mr_schräg_glare.jpg,320,320
image,21,93,284,153,irinaland_good.jpg,320,320
image,20,38,255,261,isis_pompeij.jpg,320,320
image,17,108,277,133,jap_holz_glare.jpg,320,320
image,23,105,267,135,jap_holz_glare_gerade.jpg,320,320
image,23,120,271,129,jap_holzdruck_glare.jpg,320,320
image,17,90,269,137,jap_holzdruck_glare_gerade.jpg,320,320
image,11,66,290,209,korab_gerade.jpg,320,320
image,53,99,201,144,korab_glare_schräg.jpg,320,320
image,29,93,269,137,landschaft_gerade.jpg,320,320
image,40,107,250,128,landschaft_gerade2.jpg,320,320
image,57,111,211,106,landschaft_schräg2.jpg,320,320
image,46,114,199,115,langlois_glare.jpg,320,320
image,28,18,274,279,langlois_vg_museum (copy 1).jpg,320,320
image,62,57,190,197,madame_paul_museum.jpg,320,320
image,32,18,260,275,madame_paul_museum_cropped.jpg,320,320
image,21,56,278,216,mosaic_museum.jpg,320,320
image,88,58,185,202,mosaic_web1.jpg,320,320
image,28,95,272,137,moschee_gerade.jpg,320,320
image,46,99,232,131,oichten_gerade_glare.jpg,320,320
image,28,87,252,136,oichten_glare.jpg,320,320
image,35,53,244,227,onkel_gunther_gerade2.jpg,320,320
image,11,49,284,187,poetry_museum.jpg,320,320
image,20,54,280,215,pygmies_museum.jpg,320,320
image,70,68,187,177,renoir_bath_museum.jpg,320,320
image,50,41,227,238,ruse_of_reasonmuseum.jpg,320,320
image,46,100,230,129,sampl_gerade_glare.jpg,320,320
image,63,52,200,231,sampl_thomatal_gerade.jpg.jpg,320,320
image,54,47,213,237,sampl_thomatal_glare_gerade.jpg.jpg,320,320
image,25,22,269,277,schlangen_web1.jpg,320,320
image,60,65,186,176,selbstbildnis_vg_museum.jpg,320,320
image,95,55,139,165,stefans_plane_newspaper_side.jpg.jpg,320,320
image,51,31,210,218,stefans_plane_newspaper_straight.jpg.jpg,320,320
image,54,60,171,183,stefans_plane_newspaper_straight2.jpg,320,320
image,79,21,151,273,20210812_194234.jpg,320,320
image,87,43,142,260,20210812_194238.jpg,320,320
image,38,63,244,135,20210812_194851.jpg,320,320
image,0,61,317,170,20210812_194855.jpg,320,320
image,64,90,204,110,20210812_194902.jpg,320,320
image,17,66,279,154,20210812_194926.jpg,320,320
image,38,78,234,128,20210812_194933.jpg,320,320
image,23,71,263,130,20210812_194936.jpg,320,320
image,53,77,189,133,20210812_195519.jpg,320,320
image,54,79,202,141,20210812_195521.jpg,320,320
image,27,84,274,113,20210812_195853.jpg,320,320
image,19,89,285,120,20210812_195858.jpg,320,320
image,12,48,279,211,20210819_202834.jpg,320,320
image,19,54,277,207,20210819_202836.jpg,320,320
image,78,64,157,188,20210819_202935.jpg,320,320
image,76,75,124,152,20210819_202941.jpg,320,320
image,92,58,155,182,20210819_202946.jpg,320,320
image,72,104,162,68,20210819_203506.jpg,320,320
image,47,80,197,172,IMG-20210609-WA0002.jpg,320,320
image,36,33,244,223,IMG-20210609-WA0003.jpg,320,320
image,44,49,246,223,IMG-20210609-WA0004.jpg,320,320
image,52,58,212,215,IMG-20210609-WA0005.jpg,320,320
image,56,68,203,197,IMG-20210609-WA0006.jpg,320,320
image,44,76,229,176,IMG-20210825-WA0052.jpg,320,320
image,59,82,167,97,IMG-20210905-WA0003.jpg,320,320
image,86,49,127,140,IMG-20210905-WA0004.jpg,320,320
image,44,65,154,137,IMG-20210905-WA0005.jpg,320,320
image,82,84,162,135,IMG_20200812_172100.jpg,320,320
image,56,52,194,218,IMG_20200906_120009.jpg,320,320
image,119,127,91,51,IMG_20210122_121430.jpg,320,320
image,87,73,104,129,IMG_20210122_121717.jpg,320,320
image,35,81,244,136,IMG_20210122_124701.jpg,320,320
image,2,2,314,239,20210821_144858.jpg,320,320
image,55,38,176,198,20210821_145030.jpg,320,320
image,83,26,154,179,20210821_145147.jpg,320,320
image,41,11,259,248,20210821_150446.jpg,320,320
image,65,70,223,153,20210821_151209.jpg,320,320
image,77,35,198,219,20210821_151239.jpg,320,320
image,44,49,236,209,20210821_151900.jpg,320,320
image,51,43,228,223,20210821_151954.jpg,320,320
image,29,37,265,262,20210821_152041.jpg,320,320
image,33,42,253,211,20210821_153036.jpg,320,320
image,107,44,176,195,20210823_113407.jpg,320,320
image,31,71,155,151,20210823_115007.jpg,320,320
image,26,55,180,191,20210823_115339.jpg,320,320
image,81,85,133,87,20210823_115525.jpg,320,320
image,58,71,196,166,20210823_115642.jpg,320,320
image,85,48,129,143,20210823_120501.jpg,320,320
image,43,63,156,139,20210823_120607.jpg,320,320
image,57,81,169,99,20210823_121241.jpg,320,320
image,74,69,148,155,20210823_121523.jpg,320,320
image,42,55,153,158,20210823_122519.jpg,320,320
image,36,44,163,168,20210823_122523.jpg,320,320
image,45,51,166,174,20210823_122601.jpg,320,320
image,82,65,153,142,20210823_123502.jpg,320,320
image,49,33,190,195,20210823_130146.jpg,320,320
image,54,49,188,176,20210823_133003.jpg,320,320
image,72,72,168,120,20210823_134239.jpg,320,320
image,49,65,199,123,20210823_134844.jpg,320,320
image,83,98,146,120,20210824_115101.jpg,320,320
image,61,38,210,226,20210824_115334.jpg,320,320
image,60,54,201,172,20210824_115703.jpg,320,320
image,28,36,225,216,20210824_115900.jpg,320,320
image,1,26,247,234,20210824_120146.jpg,320,320
image,46,29,186,198,20210824_121252.jpg,320,320
image,46,55,206,209,20210824_121535.jpg,320,320
image,59,43,205,185,20210824_121834.jpg,320,320
image,71,49,201,182,20210824_130636.jpg,320,320
image,78,46,185,203,20210824_132022.jpg,320,320
image,41,39,221,230,20210824_132434.jpg,320,320
image,64,67,180,161,20210824_132909.jpg,320,320
image,63,74,156,175,20210824_133328.jpg,320,320
image,59,71,174,169,20210824_133603.jpg,320,320
image,87,63,151,177,20210824_133827.jpg,320,320
image,49,28,238,228,20210824_135604.jpg,320,320
image,35,82,245,171,20210824_140158.jpg,320,320
image,53,74,193,166,20210824_140245.jpg,320,320
image,49,75,229,178,20210824_140558.jpg,320,320
image,45,73,229,178,20210824_140601.jpg,320,320
image,17,27,303,293,20210824_141433.jpg,320,320
image,30,53,210,220,20210824_151406.jpg,320,320
image,33,67,238,226,20210824_151952.jpg,320,320
image,36,72,237,228,20210824_151954.jpg,320,320
image,44,66,253,238,20210824_152453.jpg,320,320
image,44,65,254,240,20210824_152456.jpg,320,320
image,27,42,248,220,20210824_153003.jpg,320,320
image,25,12,238,265,0000115247.jpg,320,320
image,87,84,186,182,05-albertina.jpg,320,320
image,59,22,183,277,1006.jpeg,320,320
image,130,97,144,166,22730394750616810_1568888496145535.jpg,320,320
image,56,83,206,175,30_Albertina_(C)Unterkreuter.jpg,320,320
image,24,67,265,166,32_Albertina_(C)Unterkreuter (1).jpg,320,320
image,46,72,249,190,32_Albertina_(C)Unterkreuter.jpg,320,320
image,56,55,206,207,887861_bigpicture_310510_klimt1.jpg,320,320
image,79,79,162,151,Albertina-Raffael-15.jpg,320,320
image,83,107,187,175,Albertina-Raffael-5.jpg,320,320
image,69,50,179,217,Albertina-monet-11.jpg,320,320
image,86,66,145,175,Albertina-monet-6.jpg,320,320
image,27,15,276,262,Ausstellung-Wien-Inspiration-Fotografie-Besucher.jpeg,320,320
image,64,29,205,247,Ausstellung-Wien-Inspiration-Fotografie_01.jpeg,320,320
image,81,89,177,163,MyStylery_Wien_Albertina_Egon_Schiele-Ausstellung-7.jpg,320,320
image,89,90,132,203,Mystylery_Raffael_Ausstellung_Albertina-Wien_-13-754x680.jpg,320,320
image,87,77,133,166,Mystylery_Raffael_Ausstellung_Albertina-Wien_-13.jpg,320,320
image,97,93,125,146,Mystylery_Raffael_Ausstellung_Albertina-Wien_-3.jpg,320,320
image,58,52,214,215,OBS_20200110_OBS0013-4-3-167026672000-2667x2000.jpg,320,320
image,8,40,294,185,Warhol-to-Richter-Courtesy-of-Albertina-Museum.jpg,320,320
image,81,41,171,205,_439886224589.jpg,320,320
image,61,50,183,210,albertina-galerie-picasso-ausstellung-31308238.jpg,320,320
image,84,60,155,176,albertina-in-wien-zeigt-grosse-monet-ausstellung-mit-100-werken-c8ca-d94c-7c06-f2b3-7b2b.jpg,320,320
image,23,21,277,256,argenteuil-1875-by-claude-monet-musee-de-lorangerie-tuileries-paris-france-RKD4FP.jpg,320,320
image,58,40,222,235,belvedere-museum-klimtschielekok3.jpg,320,320
image,75,64,183,195,claude-monet-albertina-museum-wien-93533440.jpg,320,320
image,18,22,278,275,crop1.jpg,320,320
image,72,53,223,246,crop10.jpg,320,320
image,105,66,166,203,crop17.jpg,320,320
image,47,55,272,236,crop2.jpg,320,320
image,0,64,319,176,crop3.jpg,320,320
image,35,33,259,240,crop4.jpg,320,320
image,64,49,250,238,crop5.jpg,320,320
image,73,56,199,222,crop6.jpg,320,320
image,30,25,260,269,img_1505.jpeg,320,320
image,116,6,149,251,unnamedsdf.jpg,320,320
image,70,47,202,217,20210917_162928.jpg,320,320
image,79,106,163,156,20210917_162935.jpg,320,320
image,62,87,188,163,20210917_162938.jpg,320,320
image,44,79,236,114,20210917_162942.jpg,320,320
image,90,92,124,125,20210917_162948.jpg,320,320
image,57,92,226,102,20210917_162954.jpg,320,320
image,82,89,149,149,20210917_163008.jpg,320,320
image,73,90,159,141,20210917_163013.jpg,320,320
image,62,55,206,117,20210917_163019.jpg,320,320
image,97,30,133,239,20210917_163040.jpg,320,320
image,95,50,153,213,20210917_163047.jpg,320,320
image,97,103,141,87,20210917_163050.jpg,320,320
image,43,114,234,87,20210917_163132.jpg,320,320
image,97,100,134,126,20210917_163154.jpg,320,320
image,83,86,161,155,20210917_163159.jpg,320,320
image,80,70,160,159,20210917_163203.jpg,320,320
image,73,95,185,169,20210917_163212.jpg,320,320
image,80,59,169,181,20210917_163454.jpg,320,320
image,70,68,178,185,20210917_163459.jpg,320,320
image,73,105,192,95,20210917_163519.jpg,320,320
image,56,102,220,103,20210917_163526.jpg,320,320
image,68,75,189,158,20210917_163536.jpg,320,320
image,53,84,236,134,20210917_163551.jpg,320,320
image,90,98,146,123,20210917_163557.jpg,320,320
image,85,86,156,147,20210917_163601.jpg,320,320
image,103,95,124,129,20210917_163620.jpg,320,320
image,70,91,188,115,20210917_163627.jpg,320,320
image,97,101,120,111,20210917_163630.jpg,320,320
image,74,55,162,202,20210917_163641.jpg,320,320
image,56,116,220,95,20210917_163956.jpg,320,320
image,91,90,145,127,20210917_164001.jpg,320,320
image,90,59,133,173,20210917_164241.jpg,320,320
image,79,62,165,174,20210917_164531.jpg,320,320
image,56,102,199,92,20210917_164535.jpg,320,320
image,120,90,109,127,20210917_164539.jpg,320,320
image,93,43,132,237,20210917_164635.jpg,320,320
image,84,66,159,170,20210917_164651.jpg,320,320
image,105,113,90,77,20210917_164656.jpg,320,320
image,58,81,192,165,20210917_164659.jpg,320,320
image,93,85,164,160,20210917_164910.jpg,320,320
image,75,107,187,112,20210917_164932.jpg,320,320
image,53,78,201,115,20210917_165308.jpg,320,320
image,70,103,184,102,20210917_165318.jpg,320,320
image,83,103,159,83,20210917_165324.jpg,320,320
image,97,47,135,215,20210917_165412.jpg,320,320
image,124,85,85,95,20210917_165946.jpg,320,320
image,76,45,170,217,20210917_165951.jpg,320,320
image,64,108,205,88,20210917_170113.jpg,320,320
image,65,55,175,201,20210917_170306.jpg,320,320
image,83,74,161,172,20210917_170311.jpg,320,320
image,106,65,127,225,20210917_170335.jpg,320,320
image,87,54,144,229,20210917_170344.jpg,320,320
image,46,80,228,163,20210917_170351.jpg,320,320
image,90,105,133,148,20210917_170402.jpg,320,320
image,33,81,232,143,20210917_170516.jpg,320,320
image,100,107,116,49,20210917_170530.jpg,320,320
image,106,82,99,101,20210917_170544.jpg,320,320
image,61,48,207,186,20210917_170627.jpg,320,320
image,71,53,188,199,20210917_170649.jpg,320,320
image,59,65,192,173,20210917_170653.jpg,320,320
image,85,77,141,167,20210917_170702.jpg,320,320
image,26,100,265,115,20210917_170728.jpg,320,320
image,91,106,132,134,20210917_170734.jpg,320,320
image,79,80,168,159,20210917_170740.jpg,320,320
image,51,95,230,93,20210917_170913.jpg,320,320
image,86,86,130,135,20210917_170917.jpg,320,320
image,36,105,247,118,20210917_170929.jpg,320,320
image,85,86,146,143,20210917_171007.jpg,320,320
image,82,82,174,155,20210917_171021.jpg,320,320
image,51,105,220,95,20210917_171040.jpg,320,320
image,95,101,119,118,20210917_171056.jpg,320,320
image,66,87,171,143,20210917_171103.jpg,320,320
image,141,131,68,64,20210917_171129.jpg,320,320
image,124,119,106,77,20210917_171148.jpg,320,320
image,70,107,133,96,20210917_171205.jpg,320,320
image,86,98,139,111,20210917_171207.jpg,320,320
image,105,90,144,134,20210917_171213.jpg,320,320
image,68,58,203,204,20210917_171221.jpg,320,320
image,69,74,153,179,20210917_171256.jpg,320,320
image,63,54,147,220,20210917_171302.jpg,320,320
image,119,100,78,84,20210917_171310.jpg,320,320
image,110,31,117,240,20210917_171323.jpg,320,320
image,84,19,136,283,20210917_171329.jpg,320,320
image,94,82,114,163,20210917_171351.jpg,320,320
image,42,111,231,89,20210917_171354.jpg,320,320
image,61,85,184,135,20210917_171357.jpg,320,320
image,23,86,273,145,20210917_171426.jpg,320,320
image,86,110,150,127,20210917_171501.jpg,320,320
image,115,122,112,84,20210917_171508.jpg,320,320
image,39,92,225,130,20210917_171542.jpg,320,320
image,93,111,137,79,20210917_171547.jpg,320,320
image,33,79,258,141,20210917_171558.jpg,320,320
image,67,76,196,176,20210917_171604.jpg,320,320
image,72,71,169,172,20210917_171609.jpg,320,320
image,75,98,183,116,20210917_171627.jpg,320,320
image,98,111,120,108,20210917_171631.jpg,320,320
image,26,79,281,147,20210917_171657.jpg,320,320
image,66,39,183,224,20210917_171703.jpg,320,320
image,107,94,107,109,20210917_171709.jpg,320,320
image,48,89,226,129,20210917_171721.jpg,320,320
image,124,71,103,193,20210917_171811.jpg,320,320
image,8,55,311,169,20210917_171820.jpg,320,320
image,78,91,186,97,20210917_171848.jpg,320,320
image,43,83,240,132,20210917_172112.jpg,320,320
image,73,86,159,162,20210917_172118.jpg,320,320
image,105,88,103,96,20210922_165651.jpg,320,320
image,91,76,155,147,20210922_165657.jpg,320,320
image,38,26,252,250,20210922_165659.jpg,320,320
image,83,68,127,144,20210922_165816.jpg,320,320
image,85,58,155,178,20210922_165826.jpg,320,320
image,47,33,210,249,20210922_165855.jpg,320,320
image,115,76,103,124,20210922_165857.jpg,320,320
image,77,46,175,200,20210922_165940.jpg,320,320
image,114,96,92,107,20210922_165957.jpg,320,320
image,94,68,127,176,20210922_170027.jpg,320,320
image,73,64,188,166,20210922_170052.jpg,320,320
image,90,68,155,172,20210922_170102.jpg,320,320
image,57,32,203,268,20210922_170111.jpg,320,320
image,79,66,151,174,20210922_170136.jpg,320,320
image,50,36,223,259,20210922_170205.jpg,320,320
image,71,105,184,91,20210922_170213.jpg,320,320
image,107,90,97,108,20210922_170229.jpg,320,320
image,90,76,140,156,20210922_170249.jpg,320,320
image,105,94,119,134,20210922_170252.jpg,320,320
image,45,23,241,276,20210922_170310.jpg,320,320
image,129,104,102,128,20210922_170313.jpg,320,320
image,71,99,192,91,20210922_170338.jpg,320,320
image,11,74,309,148,20210922_170352.jpg,320,320
image,67,44,185,218,20210922_170400.jpg,320,320
image,55,50,213,198,20210922_170419.jpg,320,320
image,43,30,232,246,20210922_170425.jpg,320,320
image,25,22,272,274,20210922_170447.jpg,320,320
image,58,46,211,216,20210922_170502.jpg,320,320
image,28,86,269,142,20210922_170515.jpg,320,320
image,55,55,223,200,20210922_170603.jpg,320,320
image,31,81,268,132,20210922_170612.jpg,320,320
image,1,64,319,191,20210922_170614.jpg,320,320
image,51,38,235,228,20210922_170621.jpg,320,320
image,45,80,219,130,20210922_170703.jpg,320,320
image,35,92,242,134,20210922_170705.jpg,320,320
image,36,98,247,134,20210922_170716.jpg,320,320
image,23,78,275,148,20210922_170719.jpg,320,320
image,61,72,224,124,20210922_170724.jpg,320,320
image,78,49,172,188,20210922_170756.jpg,320,320
image,64,31,205,228,20210922_170800.jpg,320,320
image,97,71,137,152,20210922_170804.jpg,320,320
image,94,62,160,172,20210922_170807.jpg,320,320
image,71,70,174,188,20210922_170815.jpg,320,320
image,54,32,227,263,20210922_170822.jpg,320,320
image,63,70,206,188,20210922_170840.jpg,320,320
image,74,81,191,179,20210922_170848.jpg,320,320
image,77,72,186,177,20210922_170852.jpg,320,320
image,59,84,207,122,20210922_170900.jpg,320,320
image,55,42,226,240,20210922_170924.jpg,320,320
image,50,66,243,208,20210922_170929.jpg,320,320
image,11,54,309,168,20210922_170939.jpg,320,320
image,63,54,185,198,20210922_171033.jpg,320,320
image,36,24,247,240,20210922_171045.jpg,320,320
image,68,42,208,240,20210922_171054.jpg,320,320
image,63,104,205,109,20210922_171107.jpg,320,320
image,77,120,163,87,20210922_171111.jpg,320,320
image,0,74,286,164,20210922_171150.jpg,320,320
image,75,94,168,124,20210922_171157.jpg,320,320
image,68,50,196,190,20210922_171159.jpg,320,320
image,40,56,243,226,20210922_171211.jpg,320,320
image,99,76,161,177,20210922_171215.jpg,320,320
image,79,50,160,177,20210922_171220.jpg,320,320
image,63,66,185,196,20210922_171225.jpg,320,320
image,73,72,175,154,20210922_171233.jpg,320,320
image,45,94,223,132,20210922_171252.jpg,320,320
image,111,100,89,135,20210922_171700.jpg,320,320
image,54,86,198,158,20210922_171719.jpg,320,320
image,66,21,189,238,20210922_172038.jpg,320,320
image,111,22,115,256,20210922_173743.jpg,320,320
image,83,60,161,201,20210922_174607.jpg,320,320
image,39,28,244,208,20210922_180233.jpg,320,320
image,86,78,127,135,20210922_180240.jpg,320,320
image,91,89,143,94,20210922_180252.jpg,320,320
image,90,78,154,104,20210922_180255.jpg,320,320
image,57,46,185,226,20210922_180300.jpg,320,320
image,82,97,160,152,20210922_180246.jpg,320,320
image,91,100,115,128,20210922_180249.jpg,320,320
image,56,83,196,162,242177658_10163260443368125_8380300380765855737_n.jpg,320,320
image,69,94,166,190,242181377_10163260443348125_1998744997868187038_n.jpg,320,320
image,90,103,110,118,242186541_10163260443378125_7904849282362839532_n.jpg,320,320
image,57,100,167,188,242194043_10163260443343125_4301650992162116083_n.jpg,320,320
image,72,88,156,190,242245768_10163260443393125_2533648027351925329_n.jpg,320,320
image,60,76,160,184,242266153_10163260443383125_1821573681241067387_n.jpg,320,320
image,72,67,164,207,242304672_10163260443363125_7979003961609446447_n.jpg,320,320
image,45,98,243,140,IMG-20210922-WA0009.jpg,320,320
image,89,112,139,134,IMG-20210922-WA0010.jpg,320,320
image,98,74,167,156,IMG-20210922-WA0011.jpg,320,320
image,50,48,250,190,IMG-20210922-WA0012.jpg,320,320
image,65,62,201,205,IMG-20210922-WA0013.jpg,320,320
image,51,64,227,205,IMG-20210922-WA0014.jpg,320,320
image,52,26,243,253,IMG-20210922-WA0015.jpg,320,320
image,38,91,259,130,IMG-20210922-WA0016.jpg,320,320
image,86,46,159,214,IMG-20210922-WA0017.jpg,320,320
image,71,74,179,173,IMG-20210922-WA0018.jpg,320,320
image,36,78,267,156,IMG-20210922-WA0019.jpg,320,320
image,29,70,273,164,IMG-20210922-WA0020.jpg,320,320
image,74,43,185,216,IMG-20210922-WA0021.jpg,320,320
image,77,58,172,199,IMG-20210922-WA0022.jpg,320,320
image,69,44,183,212,IMG-20210922-WA0023.jpg,320,320
image,45,57,254,189,IMG-20210922-WA0024.jpg,320,320
image,55,108,223,118,IMG-20210922-WA0025.jpg,320,320
image,27,82,270,162,IMG-20210922-WA0026.jpg,320,320
image,18,80,275,166,IMG-20210922-WA0027.jpg,320,320
image,50,51,165,165,IMG-20210922-WA0028.jpg,320,320
image,72,69,156,131,IMG-20210922-WA0029.jpg,320,320
image,80,52,150,193,IMG-20210922-WA0030.jpg,320,320
image,88,85,138,114,IMG-20210922-WA0031.jpg,320,320
image,68,59,188,171,IMG-20210922-WA0032.jpg,320,320
image,81,80,158,152,IMG-20210922-WA0033.jpg,320,320
image,63,34,180,218,IMG-20210922-WA0034.jpg,320,320
image,65,52,175,207,IMG-20210922-WA0035.jpg,320,320
image,40,32,225,176,IMG-20210922-WA0036.jpg,320,320
image,92,50,139,136,IMG-20210922-WA0037.jpg,320,320
image,79,48,147,168,IMG-20210922-WA0038.jpg,320,320
image,68,40,155,179,IMG-20210922-WA0039.jpg,320,320
image,88,41,126,135,IMG-20210922-WA0040.jpg,320,320
image,59,52,198,113,IMG-20210922-WA0041.jpg,320,320
image,82,41,125,126,IMG-20210922-WA0042.jpg,320,320
image,53,32,199,192,IMG-20210922-WA0043.jpg,320,320
image,56,20,163,174,IMG-20210922-WA0044.jpg,320,320
image,64,43,167,186,IMG-20210922-WA0045.jpg,320,320
image,66,35,172,197,IMG-20210922-WA0046.jpg,320,320
image,75,33,167,193,IMG-20210922-WA0047.jpg,320,320
image,52,71,212,173,IMG-20210922-WA0048.jpg,320,320
image,83,38,125,136,IMG-20210922-WA0049.jpg,320,320
image,73,54,154,154,IMG-20210922-WA0050.jpg,320,320
image,94,65,138,135,IMG-20210922-WA0051.jpg,320,320
image,73,53,220,198,IMG-20210922-WA0052.jpg,320,320
image,70,51,214,191,IMG-20210922-WA0053.jpg,320,320
image,37,36,225,226,IMG-20210922-WA0054.jpg,320,320
image,59,47,176,174,IMG-20210922-WA0055.jpg,320,320
image,28,44,238,210,IMG-20210922-WA0056.jpg,320,320
image,68,27,160,159,IMG-20210922-WA0057.jpg,320,320
image,98,68,128,146,20210921_164033.jpg,320,320
image,73,52,201,220,20210921_164038.jpg,320,320
image,75,113,168,84,20210921_164043.jpg,320,320
image,83,69,163,178,20210921_164046.jpg,320,320
image,80,62,167,186,20210921_164050.jpg,320,320
image,93,64,153,170,20210921_164059.jpg,320,320
image,58,101,204,106,20210921_164103.jpg,320,320
image,53,37,209,229,20210921_164106.jpg,320,320
image,47,88,207,125,20210921_164115.jpg,320,320
image,85,84,115,130,20210921_164118.jpg,320,320
image,21,82,272,139,20210921_164135.jpg,320,320
image,43,85,241,124,20210921_164138.jpg,320,320
image,55,53,207,193,20210921_164147.jpg,320,320
image,69,100,195,98,20210921_164150.jpg,320,320
image,77,128,173,88,20210921_164153.jpg,320,320
image,69,76,212,110,20210921_164159.jpg,320,320
image,68,83,189,94,20210921_164201.jpg,320,320
image,61,74,210,110,20210921_164204.jpg,320,320
image,69,96,195,99,20210921_164206.jpg,320,320
image,17,91,277,141,20210921_164210.jpg,320,320
image,68,94,205,107,20210921_164213.jpg,320,320
image,75,58,175,166,20210921_164220.jpg,320,320
image,39,86,235,122,20210921_164228.jpg,320,320
image,56,90,218,111,20210921_164230.jpg,320,320
image,47,92,231,118,20210921_164235.jpg,320,320
image,43,86,257,131,20210921_164238.jpg,320,320
image,53,40,231,218,20210921_164247.jpg,320,320
image,55,113,191,99,20210921_164251.jpg,320,320
image,61,102,209,106,20210921_164253.jpg,320,320
image,47,94,232,120,20210921_164256.jpg,320,320
image,59,90,232,118,20210921_164259.jpg,320,320
image,43,88,232,117,20210921_164307.jpg,320,320
image,69,92,207,126,20210921_164316.jpg,320,320
image,84,112,123,64,20210921_164319.jpg,320,320
image,75,111,181,93,20210921_164323.jpg,320,320
image,58,88,237,119,20210921_164327.jpg,320,320
image,29,46,262,155,20210921_164332.jpg,320,320
image,91,126,121,65,20210921_164335.jpg,320,320
image,44,68,241,125,20210921_164343.jpg,320,320
image,94,78,144,164,20210921_164445.jpg,320,320
image,55,70,185,188,20210921_164449.jpg,320,320
image,73,50,175,170,IMG-20210921-WA0017.jpg,320,320
image,83,75,173,163,IMG-20210921-WA0018.jpg,320,320
image,76,46,179,177,IMG-20210921-WA0019.jpg,320,320
image,64,39,174,207,IMG-20210921-WA0020.jpg,320,320
image,93,95,124,117,IMG-20210921-WA0021.jpg,320,320
image,51,33,236,228,IMG-20210921-WA0022.jpg,320,320
image,72,51,165,200,IMG-20210921-WA0023.jpg,320,320
image,77,66,157,150,IMG-20210921-WA0024.jpg,320,320
image,93,60,146,179,IMG-20210921-WA0026.jpg,320,320
image,84,29,157,181,IMG-20210921-WA0027.jpg,320,320
image,101,58,120,144,IMG-20210921-WA0028.jpg,320,320
image,82,35,158,175,IMG-20210921-WA0029.jpg,320,320
image,80,66,156,171,IMG-20210921-WA0030.jpg,320,320
image,61,65,200,191,IMG-20210921-WA0031.jpg,320,320
image,66,51,188,182,IMG-20210921-WA0032.jpg,320,320
image,52,62,197,187,IMG-20210921-WA0033.jpg,320,320
image,69,47,199,181,IMG-20210921-WA0034.jpg,320,320
image,75,58,175,174,IMG-20210921-WA0035.jpg,320,320
image,53,53,227,208,IMG-20210921-WA0036.jpg,320,320
image,23,62,284,182,20210812_194926_manipulated.jpg,320,320
image,32,68,263,142,20210812_194936_manupulated.jpg,320,320
image,32,69,225,155,20210821_151209_man.jpg,320,320
image,112,53,182,191,20210823_115339_man.jpg,320,320
image,82,73,166,117,20210823_134239_man.jpg,320,320
image,87,30,186,197,20210824_121252_man.jpg,320,320
image,58,41,221,229,20210824_132434_man.jpg,320,320
image,61,72,195,175,20210824_132909_man.jpg,320,320
image,102,74,154,175,20210824_133328_man.jpg,320,320
image,54,51,204,191,20210824_133603_man.jpg,320,320
image,33,26,238,230,20210824_135604_man.jpg,320,320
image,43,85,242,166,20210824_140158_man.jpg,320,320
image,46,44,247,247,20210824_151406_man.jpg,320,320
image,33,84,235,131,20210917_163551_man.jpg,320,320
image,127,114,88,75,20210917_164656_man.jpg,320,320
image,85,114,149,123,20210917_171501_man.jpg,320,320
image,80,50,147,168,IMG-20210922-WA0038_man.jpg,320,320
image,41,83,220,151,IMG_20210625_150712_man.jpg,320,320
image,21,54,283,215,IMG_20210625_150718_man.jpg,320,320
image,66,50,193,185,IMG_20210625_152248_man.jpg,320,320
image,58,52,210,212,IMG_20210625_152403_man.jpg,320,320
image,60,62,184,186,IMG_20210625_152410_man.jpg,320,320
image,8,13,298,299,IMG_20210625_152930 (copy 1)_man.jpg,320,320
image,19,24,278,276,argenteuil-1875-by-claude-monet-musee-de-lorangerie-tuileries-paris-france-RKD4FP_man.jpg,320,320
image,24,33,262,242,crop4_man.jpg,320,320
image,60,90,217,116,breugel_virtual1.jpg,320,320
image,57,45,202,225,breugel_virtual2.jpg,320,320
image,65,84,213,116,breugel_virtual3.jpg,320,320
image,43,69,264,146,breugel_virtual4.jpg,320,320
image,88,71,151,184,$_59.jpeg,320,320
image,81,85,148,154,02theluteplayer.jpg,320,320
image,42,32,235,257,03-16w-crmet-breuer15.jpg,320,320
image,102,98,119,117,03thedenialofsaintpeter.jpg,320,320
image,81,83,156,161,05themusicians.jpg,320,320
image,104,44,104,242,110942.jpg,320,320
image,68,68,194,189,110951.jpg,320,320
image,49,64,224,204,13caravaggio.jpg,320,320
image,81,78,156,160,228174578.jpg,320,320
image,34,55,180,194,242076533_243009157753269_800762626854359132_n.jpg,320,320
image,89,86,141,148,26vandyck-notebook1-articleLarge.jpg,320,320
image,98,68,97,175,4ec6f46f0500e2088c3161f5f2338fb6.jpg,320,320
image,50,40,219,240,4ecde914294c9efc00bcad255df2dd81.jpg,320,320
image,78,45,198,168,501385-exposition-leonard-de-vinci-au-louvre-les-photos-8.jpg,320,320
image,96,62,156,180,501397-exposition-leonard-de-vinci-au-louvre-les-photos-12.jpg,320,320
image,79,102,167,85,501400-exposition-leonard-de-vinci-au-louvre-les-photos-13.jpg,320,320
image,106,5,139,295,501415-exposition-leonard-de-vinci-au-louvre-les-photos-18.jpg,320,320
image,36,27,252,257,501427-exposition-leonard-de-vinci-au-louvre-les-photos-22.jpg,320,320
image,20,19,277,230,501451-exposition-leonard-de-vinci-au-louvre-les-photos-30.jpg,320,320
image,54,63,202,167,501466-exposition-leonard-de-vinci-au-louvre-les-photos-35.jpg,320,320
image,97,58,137,165,54881426_403.jpg,320,320
image,62,94,158,200,58c2be87459a454e008b46b9.jpg,320,320
image,49,80,232,168,6ce7a39c7d1fbd3b05f685e602dcd2d2.jpg,320,320
image,69,109,182,102,9e6e9d0ff146c3150b05e10474205610.jpg,320,320
image,48,42,226,233,IMG_0980.jpg,320,320
image,50,66,216,196,IMG_6463-900x675.jpg,320,320
image,73,58,176,189,JeuneFillePerle.jpg,320,320
image,88,35,174,207,Louvre_Liberty-leading-the-people-wide-with-guests_SM-copy-768x512.jpg,320,320
image,55,43,212,232,Marie-Antoinette-auf-Karton_a.jpg,320,320
image,66,86,175,148,Monet_Eroffnung_DvB_90_1_.jpg,320,320
image,64,63,166,178,Monet_Higlight_13.jpg,320,320
image,76,70,177,170,Portrait-de-Femme-Leonardo-da-Vinci-2-Louvre-Museum-Paris-France.jpg,320,320
image,69,47,179,196,Salvator-Mundi_865727302.jpg,320,320
image,22,25,276,267,Samuel-Mutzner_Peisaj-de-toamna-1024x858.jpg,320,320
image,76,60,173,196,bilderrahmen-im-barockstil-407788.jpg,320,320
image,83,82,155,150,c7ca6db4d9c5f0ad7044675fd27a25ce.png,320,320
image,62,62,202,190,dela_crop1.jpg,320,320
image,76,72,162,161,dela_crop10.jpg,320,320
image,80,70,167,159,dela_crop11.jpg,320,320
image,90,98,139,120,dela_crop12.jpg,320,320
image,64,110,201,102,dela_crop13.jpg,320,320
image,72,77,192,168,dela_crop2.jpg,320,320
image,61,41,201,236,dela_crop3.jpg,320,320
image,82,98,141,118,dela_crop4.jpg,320,320
image,57,30,212,254,dela_crop5.jpg,320,320
image,81,84,171,175,dela_crop6.jpg,320,320
image,94,71,129,169,dela_crop7.jpg,320,320
image,50,61,198,176,dela_crop8.jpg,320,320
image,96,73,129,150,dela_crop9.jpg,320,320
image,53,72,233,175,icebergs-in-museum-659x494.jpg,320,320
image,51,97,207,109,khm_Crop1.jpg,320,320
image,69,72,172,173,khm_Crop2.jpg,320,320
image,78,66,155,178,louvre3.jpg,320,320
image,78,70,167,149,merlin_crop1.jpg,320,320
image,58,85,221,135,merlin_crop2.jpg,320,320
image,87,74,157,154,merlin_crop3.jpg,320,320
image,65,90,182,101,merlin_crop4.jpg,320,320
image,63,40,171,201,merlin_crop5.jpg,320,320
image,54,23,220,212,metr_crop1.jpg,320,320
image,59,29,191,235,metr_crop10.jpg,320,320
image,51,53,205,203,metr_crop2.jpg,320,320
image,52,83,158,128,metr_crop3.jpg,320,320
image,69,78,189,159,metr_crop4.jpg,320,320
image,154,91,121,112,metr_crop5.jpg,320,320
image,85,60,154,159,metr_crop6.jpg,320,320
image,59,39,213,204,metr_crop9.jpg,320,320
image,79,63,162,207,mona_louvre.jpeg,320,320
image,67,60,180,169,monet_crop1.jpg,320,320
image,66,37,181,255,monet_crop5.jpg,320,320
image,72,59,188,181,musee-marmottan-monet-museum-paris-france-703.jpg,320,320
image,19,34,282,256,musee-marmottan-monet-museum-paris-france-705.jpg,320,320
image,46,64,170,197,musee-marmottan-monet-museum-paris-france-708.jpg,320,320
image,51,87,190,161,ottoman1.jpg,320,320
image,98,98,130,122,ottoman2.jpg,320,320
image,70,80,192,172,ottoman3.jpg,320,320
image,90,85,166,157,ottoman4.jpg,320,320
image,73,85,173,149,ottoman5.jpg,320,320
image,76,72,178,168,ottoman6.jpg,320,320
image,110,86,99,146,s-l1000.jpg,320,320
image,97,76,129,164,s-l400.jpg,320,320
image,52,68,195,187,screenshot1.jpg,320,320
image,26,45,237,224,screenshot2.jpg,320,320
image,47,50,230,246,screenshot5.jpg,320,320
image,119,110,86,80,velazques_crop1.jpg,320,320
image,108,91,113,115,velazques_crop2.jpg,320,320
image,90,96,166,76,zurbaran_crop1.jpg,320,320
image,82,100,158,98,zurbaran_crop2.jpg,320,320
image,126,75,112,232,-jupiter-und-io-von-paris-bordone-.jpg,320,320
image,106,118,132,162,0710-whistlers-mother.jpg,320,320
image,59,40,203,236,101.jpeg,320,320
image,50,67,212,190,11549231_1.jpg,320,320
image,91,60,151,148,20180308_170837.jpg,320,320
image,30,69,224,224,20180308_171934.jpg,320,320
image,67,46,193,239,20180308_172522.jpg,320,320
image,41,61,195,202,20180308_173320.jpg,320,320
image,37,58,217,214,20180408_152149.jpg,320,320
image,59,34,229,250,20180429_152854.jpg,320,320
image,45,38,246,256,20180513_172005.jpg,320,320
image,51,79,231,136,20180513_174530.jpg,320,320
image,1,76,319,161,20181028_165141.jpg,320,320
image,50,97,207,116,20210923_214612.jpg,320,320
image,55,84,220,124,20210923_214614.jpg,320,320
image,12,50,278,205,20210923_214628.jpg,320,320
image,57,110,194,100,20210926_030909.jpg,320,320
image,104,73,123,135,20211003_220354.jpg,320,320
image,47,38,224,227,20211003_220400.jpg,320,320
image,61,63,184,187,20211003_220404.jpg,320,320
image,91,69,170,174,20211003_220409.jpg,320,320
image,73,63,185,188,20211003_220413.jpg,320,320
image,74,58,195,198,20211003_220416.jpg,320,320
image,70,46,192,204,20211003_220420.jpg,320,320
image,65,69,191,200,20211003_220422.jpg,320,320
image,69,64,179,186,20211003_220427.jpg,320,320
image,75,74,182,182,20211003_220429.jpg,320,320
image,43,54,209,213,20211003_220432.jpg,320,320
image,84,59,177,186,20211003_220442.jpg,320,320
image,66,62,180,182,20211003_220444.jpg,320,320
image,69,72,189,192,20211003_220447.jpg,320,320
image,63,62,197,202,20211003_220451.jpg,320,320
image,71,56,163,176,20211005_124547.jpg,320,320
image,29,88,257,150,20211005_124551.jpg,320,320
image,54,93,207,116,20211005_210935.jpg,320,320
image,93,90,113,128,20211005_210948.jpg,320,320
image,75,118,169,95,20211005_210953.jpg,320,320
image,81,113,177,98,20211005_210956.jpg,320,320
image,85,105,168,92,20211005_211001.jpg,320,320
image,70,101,205,75,20211005_211105.jpg,320,320
image,87,108,133,136,20211005_211110.jpg,320,320
image,23,74,275,166,20211026_204600.jpg,320,320
image,23,114,283,102,20211028_150028.jpg,320,320
image,30,72,267,151,20211028_150040.jpg,320,320
image,82,97,157,110,20211103_003912.jpg,320,320
image,63,95,203,113,20211103_003918.jpg,320,320
image,43,95,225,103,20211103_003928.jpg,320,320
image,16,89,293,136,20211103_003933.jpg,320,320
image,61,98,203,114,20211103_003939.jpg,320,320
image,75,72,175,189,20211103_004016.jpg,320,320
image,71,57,179,196,20211103_004019.jpg,320,320
image,96,74,161,180,20211103_004021.jpg,320,320
image,41,70,234,183,20211103_155323.jpg,320,320
image,58,22,196,244,20211105_125057.jpg,320,320
image,30,62,273,170,20211105_125800.jpg,320,320
image,37,46,262,194,20211105_125804.jpg,320,320
image,59,22,179,214,20211223_141159.jpg,320,320
image,73,0,203,318,20211223_142057.jpg,320,320
image,16,102,289,134,20211227_144243.jpg,320,320
image,33,43,209,246,20211227_144249.jpg,320,320
image,47,49,232,236,20211227_144258.jpg,320,320
image,39,48,224,240,20211227_144301.jpg,320,320
image,24,54,277,244,20211227_144304.jpg,320,320
image,39,43,266,234,20211227_144331.jpg,320,320
image,13,102,285,136,20211227_144346.jpg,320,320
image,37,28,251,273,20211227_144350.jpg,320,320
image,17,50,288,250,20211227_144354.jpg,320,320
image,105,129,111,108,FB_IMG_1633393569461.jpg,320,320
image,38,17,226,275,Rembrandt-Night-Watch.jpg,320,320
image,18,30,286,264,Rubens_workshop_-_Le_Massacre_des_Innocents_-_Mus-es_royaux_des_beaux-arts_de_Belgique.jpg,320,320
image,32,1,256,318,The-Sleeping-Gypsy-1-Henri-Rousseau1987.jpg,320,320
image,14,35,292,247,download.jpeg,320,320
image,27,17,269,286,frompng.jpg,320,320
image,14,0,291,307,gettyimages-90014436-1607000963.jpg,320,320
image,81,60,143,162,khm_fb_1.jpg,320,320
image,100,63,121,124,khm_fb_2.jpg,320,320
image,101,104,110,100,khm_fb_3.jpg,320,320
image,84,102,98,101,khm_fb_4.jpg,320,320
image,114,92,126,117,khm_fb_5.jpg,320,320
image,12,8,291,298,son-of-man-1964-Rene-Magritte-1.jpg,320,320
image,34,38,254,242,sticker-tableau-picasso--les-demoiselles-d-avignon-ambiance-sticker-col-RJ030.jpg,320,320
image,78,91,138,196,elements1.jpg,320,320
image,57,90,168,135,elements2.jpg,320,320
object,32,75,248,178,$_57.jpeg,320,320
object,125,0,106,284,$_86 (1).jpeg,320,320
object,61,7,234,225,$_86.jpeg,320,320
object,46,57,232,203,01951d87-dce9-4f57-a552-24f049d7ac82.jpg,320,320
object,83,2,159,315,1-Bronze-Large-Parvati_3.jpg,320,320
object,39,4,242,312,1-Painted-Wooden-Ganapathi-Figure.jpg,320,320
object,41,35,232,273,106988_005.jpeg,320,320
object,87,82,186,181,1361277695672-ztf91.jpg,320,320
object,68,38,186,282,1578197045_636_s-l1600.jpg,320,320
object,37,8,257,293,178N09595_96N5P.jpg,320,320
object,57,70,175,186,2017_11_13_PHOTO_00005476_master.jpg,320,320
object,56,52,204,218,2019_CKS_18152_0402_002(an_old_babylonian_cuneiform_clay_tablet_of_the_ur-isin_king_list_isin).jpg,320,320
object,40,32,214,176,20201127_141621.jpg,320,320
object,69,54,176,181,2020_NYR_19058_0045_000(a_roman_marble_portrait_bust_of_a_man_antonine_period_circa_mid_2nd_ce111530).jpg,320,320
object,41,6,261,286,27097153151_15abcf9222_b.jpg,320,320
object,68,104,167,204,27_ViennaMuseums.jpeg,320,320
object,60,18,195,294,2b917a83fe350f7845444c4815479e77.jpg,320,320
object,74,54,201,236,379611649_0960d2c1df_b.jpg,320,320
object,100,0,142,318,3819a73aeb6f535d253535ed75fff274.jpg,320,320
object,124,18,104,301,40_ViennaMuseums.jpeg,320,320
object,106,13,126,290,45345fgfddf.jpg,320,320
object,83,25,137,192,5456222110_5c7db19126.jpg,320,320
object,20,63,284,206,57f8598dcc12e27df1a198de8ad3d639.jpg,320,320
object,36,83,264,193,5bf02ba2511db41ea62a874f.jpeg,320,320
object,43,12,244,224,5d14295d9e85ec4f954e0304cb0c7986--julius-caesar-ancient-rome.jpg,320,320
object,96,8,122,290,5ebba8168eed6.jpg,320,320
object,67,21,202,288,5f4616282551c.jpg,320,320
object,76,66,170,179,632a61b3eb6fbfd73e705d317b8bdf31.jpg,320,320
object,52,38,229,224,6b092fc768347bd9254e17f8cd5330f8.jpg,320,320
object,72,44,145,252,6dadb6e4a63d7cd3c34acb64bb8f1365.jpg,320,320
object,28,18,254,291,753425.JPG,320,320
object,21,13,279,300,78ae744a22fe5e675ce06594f86526e6.jpg,320,320
object,14,3,192,315,8512150971_fc09a0b8a8_b.jpg,320,320
object,80,24,125,260,8a927e8c2c1e2b5ee109b35acf6fa63d.jpg,320,320
object,50,5,200,308,9892.jpg,320,320
object,66,20,186,258,AHA1084.4L.jpg,320,320
object,78,60,201,165,A_gents_antique_silver_wrist_w_as170a3301z-1.jpg,320,320
object,56,33,206,250,An_ornate_antique_open_faced_P_as170a4142z.jpg,320,320
object,33,22,271,230,Apollo-Classical-Greek-bust-statue-1234-p.jpg,320,320
object,93,12,95,282,C0389620-Greek_statue.jpg,320,320
object,16,44,288,264,Casket_ivory_Louvre_UCAD4417.jpg,320,320
object,32,22,256,273,Dollarphotoclub_5378865.jpg,320,320
object,26,69,226,159,Gents_Smiths_Astral_wrist_watc_as170a4482z.jpg,320,320
object,91,16,120,296,HTB1DxQlPFXXXXb9XFXXq6xXFXXXK.jpg,320,320
object,7,22,267,248,IMG_0561.jpg,320,320
object,55,22,207,283,IMG_2003_z.jpg,320,320
object,18,4,296,313,K-169-G_20GREEN_20LINER_grande.jpeg,320,320
object,38,22,262,270,KK_2018_14360.jpg,320,320
object,56,76,205,183,KK_2058_01.jpg,320,320
object,52,23,222,278,KK_3392_06.jpg,320,320
object,60,50,169,211,KK_8924_9380.jpg,320,320
object,38,7,245,292,Kunsthistorisches_Museum_Wien_2016_Kunstkammer_Nikolaus_Schmidt_Prunkbecken_mit_Kanne_KK_1124_KK_1138_a.jpg,320,320
object,102,19,109,222,SI_RM_1070bw-900x598.jpg,320,320
object,48,118,200,132,SaalXX_DC75796.jpg,320,320
object,33,58,260,256,Saal_XXIX_3.jpg,320,320
object,55,8,251,284,Salzburg-Do-Re-Mi-statues-on-gate-posts-into-Mirabellgarten-statue-close-up.jpg,320,320
object,102,33,197,154,Vandalised-Statues-5.jpg,320,320
object,131,35,97,199,a42a32cd8a49d3e13ac246c57cb07b88.jpg,320,320
object,46,101,208,141,adsadsdsdsdsd.jpg,320,320
object,57,27,208,284,adsfdggj.jpg,320,320
object,98,33,115,230,ancient-maya-statue-rocks-near-ocean-maya-statue-82514377.jpg,320,320
object,37,5,234,300,augustus-roemische-kaiser-bueste-von-bevilacqua_3.jpg,320,320
object,50,12,260,290,babylonian-clay-tablet-granger.jpg,320,320
object,29,68,265,234,bronze-egyptian-ibis.jpg,320,320
object,84,25,191,289,bronze-statue.jpg,320,320
object,36,44,273,267,ddfdfddddddddddd.jpg,320,320
object,75,0,178,319,dfdffddsa.jpg,320,320
object,82,102,180,145,dfdfhfjjlö.jpg,320,320
object,71,54,175,219,dfgdlkjösd.jpg,320,320
object,72,20,182,281,diana-roman-head-stone-bust-statue--large-garden-ornament_1.jpg,320,320
object,9,67,292,148,dsfffdfdfdfdfdfdfdf.jpg,320,320
object,87,1,169,309,dsgsdg.jpg,320,320
object,70,4,189,302,e6a8f5c8742cb4f93113a9230ef828ef--roman-sculpture-art-sculpture.jpg,320,320
object,13,44,288,259,fdgdfhhk.JPG,320,320
object,1,48,316,197,fgdljkl.jpg,320,320
object,48,16,245,282,fsdfsdfs.jpg,320,320
object,29,12,246,301,hjkhjkh.jpg,320,320
object,37,24,228,286,il_794xN.1126743466_21h9.jpg,320,320
object,63,8,148,309,il_794xN.1350789736_cyca.jpg,320,320
object,71,20,199,251,il_794xN.1760183621_i31s.jpg,320,320
object,73,20,157,214,il_fullxfull.1021104148_hsxm.jpg,320,320
object,92,5,140,315,il_fullxfull.1375112497_63ad.jpg,320,320
object,56,10,230,293,il_fullxfull.1474118810_thuq.jpg,320,320
object,111,7,88,268,il_fullxfull.1552888534_m4au.jpg,320,320
object,9,24,295,254,il_fullxfull.1863051836_294u.jpg,320,320
object,71,34,178,207,il_fullxfull.2292632414_qikr.jpg,320,320
object,62,36,179,250,il_fullxfull.2687021755_h6to.jpg,320,320
object,36,42,253,277,istockphoto-1057956656-612x612.jpg,320,320
object,14,48,296,253,jugendstil-schatulle-mit-leder-1gFLwVAmORWeEF.jpg,320,320
object,87,13,167,275,kronjuwelen-gesucht---opulenter-ring-barock-stil-925er-silber-vergoldet-zirkonia (1).jpg,320,320
object,110,2,116,293,kronjuwelen-gesucht---opulenter-ring-barock-stil-925er-silber-vergoldet-zirkonia.jpg,320,320
object,104,14,117,281,kunstkammer-globuspokal.jpg,320,320
object,87,35,130,257,maya-statue-3d-model-max-obj.jpg,320,320
object,112,12,96,293,maya-statue-ancient-rocks-near-ocean-33710714.jpg,320,320
object,17,2,265,317,maya-warrior-statue-7066457.jpg,320,320
object,5,50,314,235,museum_egyptian.jpg,320,320
object,76,69,148,217,museum_frong.jpg,320,320
object,16,64,297,147,museum_front (copy 1).jpg,320,320
object,114,0,126,284,old_stand_watch.jpg,320,320
object,82,24,142,277,pl18082997-remark.jpg,320,320
object,75,2,198,312,resized_BCI01_JE006-01.jpg,320,320
object,44,41,260,249,rolex_converted.jpg,320,320
object,72,28,201,279,s-l1000 (1).jpg,320,320
object,4,3,312,313,s-l1000-coin.jpg,320,320
object,57,35,209,284,sddsdsdfsdf.jpg,320,320
object,24,22,262,277,sdfasdfsdfas.jpg,320,320
object,43,4,230,315,sdfdsfasdf.jpg,320,320
object,31,96,261,136,sdfsdfsad.jpg,320,320
object,15,1,302,318,sdfsdfshklöä.jpg,320,320
object,69,19,176,299,sdfsfdfdfdfddfdfdf.jpg,320,320
object,4,66,306,238,sdjhlöä#.jpg,320,320
object,21,57,269,236,sfsdfddd.jpg,320,320
object,14,79,288,205,sfsdgfhjjjj.jpg,320,320
object,108,16,118,223,sphinx-sculptures-belvedere-gardens-vienna-baroque-palace-complex-was-built-as-summer-residence-prince-eugene-savoy-75707760.jpg,320,320
object,71,2,182,312,ssdsdsddsdfsfss.jpg,320,320
object,67,51,169,234,ssdsdsddsss.jpg,320,320
object,21,52,291,224,sulaymaniyah-gilgamesh-epic-.jpg,320,320
object,79,63,145,218,vintage-rolex-submariner-1680.jpg,320,320
object,28,98,261,130,web2_flip.jpg,320,320
object,74,14,170,284,web_132.jpg,320,320
object,46,25,266,273,web_234234.jpg,320,320
object,38,22,254,279,web_front.jpg,320,320
object,98,76,100,239,webp_converted.jpg,320,320
object,100,45,142,252,werwer233.jpg,320,320
object,57,29,205,283,ysfhjlk.jpg,320,320
