image,89,153,376,285,IMG_20210625_150705.jpg,562,600
image,105,155,390,287,IMG_20210625_150712.jpg,566,600
image,26,98,533,408,IMG_20210625_150718.jpg,597,600
image,21,16,559,429,IMG_20210625_150718 (copy 1).jpg,600,470
image,98,150,236,309,IMG_20210625_151623.jpg,450,600
image,65,154,204,310,IMG_20210625_151628.jpg,363,600
image,44,11,378,466,IMG_20210625_151638.jpg,450,600
image,50,190,349,266,IMG_20210625_152930.jpg,450,600
image,23,5,567,438,IMG_20210625_152930 (copy 1).jpg,600,452
image,90,180,300,231,IMG_20210625_152939.jpg,450,600
image,75,179,312,231,IMG_20210625_152943.jpg,450,600
image,54,67,331,478,IMG_20210625_144833.jpg,450,600
image,106,115,241,330,IMG_20210625_145002.jpg,450,600
image,115,132,233,330,IMG_20210625_151031.jpg,467,600
image,132,139,237,314,IMG_20210625_151037.jpg,470,600
image,85,41,343,469,IMG_20210625_151041.jpg,450,600
image,81,108,283,405,IMG_20210625_151826.jpg,450,600
image,143,107,261,367,IMG_20210625_151834.jpg,462,600
image,42,102,283,399,IMG_20210625_151542.jpg,388,600
image,56,76,310,438,IMG_20210625_151545.jpg,450,600
image,41,49,362,486,IMG_20210625_151548.jpg,450,600
image,8,160,433,285,IMG_20210625_151243.jpg,450,600
image,0,117,448,356,IMG_20210625_151251.jpg,450,600
image,32,62,547,371,web_flutes.JPG,640,480
image,73,98,296,400,IMG_20210625_152403.jpg,450,600
image,102,117,261,346,IMG_20210625_152410.jpg,450,600
image,37,94,310,415,IMG_20210625_152413.jpg,450,600
image,99,88,421,364,IMG_20210625_151213.jpg,600,552
image,64,84,396,348,IMG_20210625_151217.jpg,551,600
image,33,103,400,339,IMG_20210625_151224.jpg,450,600
image,67,163,331,284,IMG_20210625_151343.jpg,450,600
image,57,151,333,278,IMG_20210625_151349.jpg,450,600
image,75,141,313,266,IMG_20210625_151353.jpg,450,600
image,76,108,296,377,IMG_20210625_151718.jpg,450,600
image,46,106,302,382,IMG_20210625_151726.jpg,450,600
image,76,76,335,412,IMG_20210625_151730.jpg,450,600
image,9,223,421,158,IMG_20210625_152046.jpg,450,600
image,17,225,406,143,IMG_20210625_152055.jpg,450,600
image,40,131,512,176,IMG_20210625_152115.jpg,600,450
image,27,156,400,311,IMG_20210625_151915.jpg,450,600
image,78,127,399,290,IMG_20210625_151924.jpg,533,600
image,23,54,407,503,IMG_20210625_151849.jpg,450,600
image,47,73,379,455,IMG_20210625_151857.jpg,450,600
image,59,66,335,476,IMG_20210625_152454.jpg,450,600
image,62,54,350,483,IMG_20210625_152458.jpg,450,600
image,57,95,316,422,IMG_20210625_152505.jpg,450,600
image,80,118,307,423,web_beard.JPG,480,640
image,63,95,326,425,IMG_20210625_152232.jpg,450,600
image,91,116,288,369,IMG_20210625_152241.jpg,450,600
image,85,95,270,346,IMG_20210625_152248.jpg,450,600
image,118,28,230,534,IMG_20200228_131200.jpg,450,600
image,41,54,360,502,IMG_20200903_164759.jpg,450,600
image,42,119,373,355,IMG_20200907_163121.jpg,450,600
image,85,80,292,422,asterix_museum.jpg,450,600
image,75,68,334,451,asterix_web2.jpg,485,600
image,62,26,296,507,black_mister_sky_gerade_glare.jpg,450,600
image,55,36,500,351,blumen_original.jpg,600,450
image,50,81,339,238,blumen_schräg.jpg,427,414
image,62,56,287,348,brandner_original.jpg,410,473
image,59,114,340,399,brandner_schräg.jpg,450,600
image,91,134,281,382,cerwenka_glare.jpg,450,600
image,41,71,331,494,chaplin_gerade2.jpg,450,600
image,77,124,272,368,drioli_glare.jpg,450,600
image,75,96,289,411,fallani_glare.jpg,450,600
image,69,58,317,457,fallani_glare_nahe.jpg,450,600
image,37,207,343,211,fischer_gerade.jpg,450,600
image,29,228,378,253,flora_gerade.jpg,450,600
image,46,186,341,244,flora_gerade_finster.jpg,450,600
image,93,226,265,197,fujino_glare.jpg,450,600
image,29,220,380,268,fujino_glare3.jpg,450,600
image,29,197,404,269,fujino_glare_gerade.jpg,450,600
image,67,211,317,236,gestacker_gerade.jpg,450,600
image,71,115,428,256,griff_museum.jpg,600,450
image,94,149,278,339,gunther_blurry.jpg,450,600
image,86,121,290,363,gunther_gerade.jpg,450,600
image,65,124,316,427,gunther_schräg.jpg,450,600
image,34,123,366,254,hafen_schräg.jpg,450,600
image,52,48,373,506,hamsterin_web2.jpg,466,600
image,72,77,315,477,holzdruck_gerade.jpg,450,600
image,80,88,391,322,hundertwasser_gerade_glare.jpg,600,450
image,36,165,375,289,hundertwasser_museum.jpg,450,600
image,62,29,296,506,hw_gerade_glare.jpg,450,600
image,119,84,238,402,hw_mr_schräg_glare.jpg,450,600
image,29,175,399,287,irinaland_good.jpg,450,600
image,37,54,478,367,isis_pompeij.jpg,600,450
image,24,203,389,249,jap_holz_glare.jpg,450,600
image,32,196,376,253,jap_holz_glare_gerade.jpg,450,600
image,33,225,381,241,jap_holzdruck_glare.jpg,450,600
image,24,169,378,257,jap_holzdruck_glare_gerade.jpg,450,600
image,16,123,408,391,korab_gerade.jpg,450,600
image,75,186,282,270,korab_glare_schräg.jpg,450,600
image,41,175,378,257,landschaft_gerade.jpg,450,600
image,56,201,352,240,landschaft_gerade2.jpg,450,600
image,80,208,297,199,landschaft_schräg2.jpg,450,600
image,64,214,280,215,langlois_glare.jpg,450,600
image,42,34,412,523,langlois_vg_museum (copy 1).jpg,481,600
image,101,106,308,370,madame_paul_museum.jpg,520,600
image,52,33,427,516,madame_paul_museum_cropped.jpg,525,600
image,29,105,391,405,mosaic_museum.jpg,450,600
image,130,86,273,299,mosaic_web1.jpg,473,473
image,39,179,382,256,moschee_gerade.jpg,450,600
image,65,186,326,245,oichten_gerade_glare.jpg,450,600
image,40,164,355,255,oichten_glare.jpg,450,600
image,49,99,343,426,onkel_gunther_gerade2.jpg,450,600
image,15,92,400,350,poetry_museum.jpg,450,600
image,38,76,525,303,pygmies_museum.jpg,600,450
image,99,128,263,332,renoir_bath_museum.jpg,450,600
image,70,76,319,447,ruse_of_reasonmuseum.jpg,450,600
image,65,188,323,242,sampl_gerade_glare.jpg,450,600
image,88,98,281,433,sampl_thomatal_gerade.jpg.jpg,450,600
image,76,89,299,445,sampl_thomatal_glare_gerade.jpg.jpg,450,600
image,37,41,392,520,schlangen_web1.jpg,466,600
image,85,122,262,330,selbstbildnis_vg_museum.jpg,450,600
image,134,104,196,309,stefans_plane_newspaper_side.jpg.jpg,450,600
image,72,59,295,408,stefans_plane_newspaper_straight.jpg.jpg,450,600
image,76,112,240,344,stefans_plane_newspaper_straight2.jpg,450,600
image,184,66,355,854,20210812_194234.jpg,750,1000
image,204,133,332,812,20210812_194238.jpg,750,1000
image,89,196,571,421,20210812_194851.jpg,750,1000
image,1,191,743,532,20210812_194855.jpg,750,1000
image,150,280,479,343,20210812_194902.jpg,750,1000
image,40,205,653,482,20210812_194926.jpg,750,1000
image,89,243,549,399,20210812_194933.jpg,750,1000
image,53,222,617,405,20210812_194936.jpg,750,1000
image,125,241,444,416,20210812_195519.jpg,750,1000
image,126,246,474,441,20210812_195521.jpg,750,1000
image,64,264,643,354,20210812_195853.jpg,750,1000
image,45,279,667,376,20210812_195858.jpg,750,1000
image,36,112,872,495,20210819_202834.jpg,1000,750
image,58,126,866,484,20210819_202836.jpg,1000,750
image,183,200,369,587,20210819_202935.jpg,750,1000
image,178,235,290,474,20210819_202941.jpg,750,1000
image,215,182,363,570,20210819_202946.jpg,750,1000
image,168,324,380,211,20210819_203506.jpg,750,1000
image,148,188,616,404,IMG-20210609-WA0002.jpg,1000,750
image,84,103,571,698,IMG-20210609-WA0003.jpg,750,1000
image,138,116,769,523,IMG-20210609-WA0004.jpg,1000,750
image,163,137,664,504,IMG-20210609-WA0005.jpg,1000,750
image,175,160,635,462,IMG-20210609-WA0006.jpg,1000,750
image,137,178,717,413,IMG-20210825-WA0052.jpg,1000,750
image,139,257,391,302,IMG-20210905-WA0003.jpg,750,1000
image,270,114,396,329,IMG-20210905-WA0004.jpg,1000,750
image,137,153,482,322,IMG-20210905-WA0005.jpg,1000,750
image,192,263,379,421,IMG_20200812_172100.jpg,750,1000
image,132,163,454,681,IMG_20200906_120009.jpg,750,1000
image,280,396,213,160,IMG_20210122_121430.jpg,750,1000
image,204,228,243,404,IMG_20210122_121717.jpg,750,1000
image,81,252,573,426,IMG_20210122_124701.jpg,750,1000
image,3,4,442,448,20210821_144858.jpg,450,600
image,78,72,248,371,20210821_145030.jpg,450,600
image,117,49,217,335,20210821_145147.jpg,450,600
image,58,21,364,465,20210821_150446.jpg,450,600
image,92,132,313,287,20210821_151209.jpg,450,600
image,108,66,278,411,20210821_151239.jpg,450,600
image,62,92,332,392,20210821_151900.jpg,450,600
image,95,61,427,314,20210821_151954.jpg,600,450
image,55,52,497,369,20210821_152041.jpg,600,450
image,61,59,475,297,20210821_153036.jpg,600,450
image,151,83,248,365,20210823_113407.jpg,450,600
image,59,100,290,212,20210823_115007.jpg,600,450
image,49,77,338,268,20210823_115339.jpg,600,450
image,152,119,250,123,20210823_115525.jpg,600,450
image,108,100,367,233,20210823_115642.jpg,600,450
image,159,67,242,201,20210823_120501.jpg,600,450
image,81,89,292,196,20210823_120607.jpg,600,450
image,80,152,237,186,20210823_121241.jpg,450,600
image,139,97,278,218,20210823_121523.jpg,600,450
image,59,103,215,296,20210823_122519.jpg,450,600
image,50,83,229,315,20210823_122523.jpg,450,600
image,84,72,311,244,20210823_122601.jpg,600,450
image,116,121,215,267,20210823_123502.jpg,450,600
image,91,47,356,274,20210823_130146.jpg,600,450
image,76,91,265,330,20210823_133003.jpg,450,600
image,101,135,236,225,20210823_134239.jpg,450,600
image,91,91,373,173,20210823_134844.jpg,600,450
image,117,184,206,225,20210824_115101.jpg,450,600
image,115,53,393,318,20210824_115334.jpg,600,450
image,84,101,282,322,20210824_115703.jpg,450,600
image,53,51,421,304,20210824_115900.jpg,600,450
image,1,36,463,329,20210824_120146.jpg,600,450
image,65,54,262,372,20210824_121252.jpg,450,600
image,86,78,386,294,20210824_121535.jpg,600,450
image,83,80,288,347,20210824_121834.jpg,450,600
image,100,92,283,342,20210824_130636.jpg,450,600
image,146,64,346,286,20210824_132022.jpg,600,450
image,76,55,415,324,20210824_132434.jpg,600,450
image,120,94,338,227,20210824_132909.jpg,600,450
image,88,138,220,328,20210824_133328.jpg,450,600
image,111,100,327,237,20210824_133603.jpg,600,450
image,123,118,212,331,20210824_133827.jpg,450,600
image,92,40,446,321,20210824_135604.jpg,600,450
image,65,115,459,241,20210824_140158.jpg,600,450
image,99,104,361,233,20210824_140245.jpg,600,450
image,92,106,429,251,20210824_140558.jpg,600,450
image,84,103,429,250,20210824_140601.jpg,600,450
image,31,38,568,412,20210824_141433.jpg,600,450
image,57,75,393,310,20210824_151406.jpg,600,450
image,61,94,446,318,20210824_151952.jpg,600,450
image,67,101,445,320,20210824_151954.jpg,600,450
image,83,93,475,335,20210824_152453.jpg,600,450
image,82,91,476,337,20210824_152456.jpg,600,450
image,50,59,465,310,20210824_153003.jpg,600,450
image,28,18,266,385,0000115247.jpg,357,465
image,160,119,343,259,05-albertina.jpg,589,456
image,110,28,343,346,1006.jpeg,600,400
image,137,145,151,247,22730394750616810_1568888496145535.jpg,336,477
image,102,144,374,302,30_Albertina_(C)Unterkreuter.jpg,580,552
image,45,121,496,302,32_Albertina_(C)Unterkreuter (1).jpg,600,582
image,86,107,467,281,32_Albertina_(C)Unterkreuter.jpg,600,474
image,104,103,385,388,887861_bigpicture_310510_klimt1.jpg,597,600
image,99,149,203,283,Albertina-Raffael-15.jpg,400,600
image,153,200,345,328,Albertina-Raffael-5.jpg,590,600
image,129,62,335,271,Albertina-monet-11.jpg,600,400
image,161,83,272,219,Albertina-monet-6.jpg,600,400
image,38,28,382,492,Ausstellung-Wien-Inspiration-Fotografie-Besucher.jpeg,443,600
image,87,55,280,463,Ausstellung-Wien-Inspiration-Fotografie_01.jpeg,438,600
image,152,125,331,229,MyStylery_Wien_Albertina_Egon_Schiele-Ausstellung-7.jpg,600,450
image,166,153,247,343,Mystylery_Raffael_Ausstellung_Albertina-Wien_-13-754x680.jpg,600,541
image,149,145,229,312,Mystylery_Raffael_Ausstellung_Albertina-Wien_-13.jpg,549,600
image,157,175,203,274,Mystylery_Raffael_Ausstellung_Albertina-Wien_-3.jpg,518,600
image,88,97,324,404,OBS_20200110_OBS0013-4-3-167026672000-2667x2000.jpg,484,600
image,10,58,377,266,Warhol-to-Richter-Courtesy-of-Albertina-Museum.jpg,410,461
image,122,76,257,384,_439886224589.jpg,480,600
image,73,84,220,355,albertina-galerie-picasso-ausstellung-31308238.jpg,385,541
image,158,75,290,219,albertina-in-wien-zeigt-grosse-monet-ausstellung-mit-100-werken-c8ca-d94c-7c06-f2b3-7b2b.jpg,600,399
image,44,36,520,442,argenteuil-1875-by-claude-monet-musee-de-lorangerie-tuileries-paris-france-RKD4FP.jpg,600,552
image,67,50,255,293,belvedere-museum-klimtschielekok3.jpg,368,399
image,140,116,344,354,claude-monet-albertina-museum-wien-93533440.jpg,600,581
image,33,41,512,515,crop1.jpg,590,600
image,82,99,253,462,crop10.jpg,363,600
image,149,97,235,299,crop17.jpg,453,471
image,73,104,421,442,crop2.jpg,495,600
image,0,92,344,253,crop3.jpg,345,461
image,46,34,338,248,crop4.jpg,417,330
image,65,91,253,447,crop5.jpg,324,600
image,107,97,290,387,crop6.jpg,467,558
image,34,38,299,411,img_1505.jpeg,368,489
image,185,7,238,301,unnamedsdf.jpg,512,384
image,99,89,284,407,20210917_162928.jpg,450,600
image,111,199,229,292,20210917_162935.jpg,450,600
image,87,164,265,306,20210917_162938.jpg,450,600
image,62,149,332,213,20210917_162942.jpg,450,600
image,126,172,174,234,20210917_162948.jpg,450,600
image,80,172,318,192,20210917_162954.jpg,450,600
image,115,167,209,279,20210917_163008.jpg,450,600
image,103,169,223,265,20210917_163013.jpg,450,600
image,87,103,290,219,20210917_163019.jpg,450,600
image,136,56,187,449,20210917_163040.jpg,450,600
image,133,94,215,400,20210917_163047.jpg,450,600
image,137,194,198,164,20210917_163050.jpg,450,600
image,60,214,329,163,20210917_163132.jpg,450,600
image,136,188,188,236,20210917_163154.jpg,450,600
image,117,162,227,291,20210917_163159.jpg,450,600
image,113,132,225,299,20210917_163203.jpg,450,600
image,103,179,260,317,20210917_163212.jpg,450,600
image,113,110,237,339,20210917_163454.jpg,450,600
image,98,127,251,347,20210917_163459.jpg,450,600
image,102,196,270,178,20210917_163519.jpg,450,600
image,79,191,309,194,20210917_163526.jpg,450,600
image,95,140,266,297,20210917_163536.jpg,450,600
image,75,157,332,251,20210917_163551.jpg,450,600
image,126,183,205,231,20210917_163557.jpg,450,600
image,119,162,220,276,20210917_163601.jpg,450,600
image,145,179,175,241,20210917_163620.jpg,450,600
image,98,170,265,215,20210917_163627.jpg,450,600
image,137,189,169,209,20210917_163630.jpg,450,600
image,104,104,228,378,20210917_163641.jpg,450,600
image,79,218,309,178,20210917_163956.jpg,450,600
image,128,169,204,239,20210917_164001.jpg,450,600
image,127,111,187,325,20210917_164241.jpg,450,600
image,111,116,232,327,20210917_164531.jpg,450,600
image,79,192,280,173,20210917_164535.jpg,450,600
image,169,169,153,239,20210917_164539.jpg,450,600
image,131,80,186,445,20210917_164635.jpg,450,600
image,118,123,224,319,20210917_164651.jpg,450,600
image,147,212,127,145,20210917_164656.jpg,450,600
image,81,151,270,310,20210917_164659.jpg,450,600
image,131,159,231,300,20210917_164910.jpg,450,600
image,106,201,263,210,20210917_164932.jpg,450,600
image,75,147,283,215,20210917_165308.jpg,450,600
image,99,193,259,192,20210917_165318.jpg,450,600
image,117,194,223,155,20210917_165324.jpg,450,600
image,136,88,190,403,20210917_165412.jpg,450,600
image,174,159,119,179,20210917_165946.jpg,450,600
image,107,85,239,406,20210917_165951.jpg,450,600
image,90,202,288,165,20210917_170113.jpg,450,600
image,91,103,246,377,20210917_170306.jpg,450,600
image,117,138,226,323,20210917_170311.jpg,450,600
image,149,122,178,422,20210917_170335.jpg,450,600
image,122,101,202,429,20210917_170344.jpg,450,600
image,65,150,320,306,20210917_170351.jpg,450,600
image,127,197,187,278,20210917_170402.jpg,450,600
image,46,152,326,268,20210917_170516.jpg,450,600
image,141,200,163,91,20210917_170530.jpg,450,600
image,149,153,139,190,20210917_170544.jpg,450,600
image,114,68,388,261,20210917_170627.jpg,600,450
image,100,100,264,373,20210917_170649.jpg,450,600
image,83,122,270,324,20210917_170653.jpg,450,600
image,120,145,198,314,20210917_170702.jpg,450,600
image,37,187,373,216,20210917_170728.jpg,450,600
image,128,199,186,252,20210917_170734.jpg,450,600
image,111,150,236,298,20210917_170740.jpg,450,600
image,72,179,324,175,20210917_170913.jpg,450,600
image,121,162,183,254,20210917_170917.jpg,450,600
image,51,196,347,222,20210917_170929.jpg,450,600
image,119,162,205,268,20210917_171007.jpg,450,600
image,115,154,244,291,20210917_171021.jpg,450,600
image,72,197,309,178,20210917_171040.jpg,450,600
image,134,190,168,222,20210917_171056.jpg,450,600
image,93,163,240,268,20210917_171103.jpg,450,600
image,198,245,95,120,20210917_171129.jpg,450,600
image,175,224,149,145,20210917_171148.jpg,450,600
image,99,201,187,180,20210917_171205.jpg,450,600
image,121,183,195,209,20210917_171207.jpg,450,600
image,148,168,202,251,20210917_171213.jpg,450,600
image,96,108,285,382,20210917_171221.jpg,450,600
image,97,139,215,335,20210917_171256.jpg,450,600
image,89,101,207,412,20210917_171302.jpg,450,600
image,167,188,109,157,20210917_171310.jpg,450,600
image,154,59,165,450,20210917_171323.jpg,450,600
image,118,35,191,530,20210917_171329.jpg,450,600
image,132,153,160,305,20210917_171351.jpg,450,600
image,59,209,325,167,20210917_171354.jpg,450,600
image,86,160,259,253,20210917_171357.jpg,450,600
image,32,162,384,272,20210917_171426.jpg,450,600
image,121,207,211,239,20210917_171501.jpg,450,600
image,162,228,157,158,20210917_171508.jpg,450,600
image,55,172,317,244,20210917_171542.jpg,450,600
image,131,209,192,148,20210917_171547.jpg,450,600
image,47,149,363,264,20210917_171558.jpg,450,600
image,94,142,276,330,20210917_171604.jpg,450,600
image,101,133,238,323,20210917_171609.jpg,450,600
image,105,184,257,217,20210917_171627.jpg,450,600
image,138,209,169,202,20210917_171631.jpg,450,600
image,37,149,395,276,20210917_171657.jpg,450,600
image,93,73,258,420,20210917_171703.jpg,450,600
image,151,176,150,205,20210917_171709.jpg,450,600
image,67,166,318,242,20210917_171721.jpg,450,600
image,175,133,145,361,20210917_171811.jpg,450,600
image,11,104,438,317,20210917_171820.jpg,450,600
image,110,171,261,181,20210917_171848.jpg,450,600
image,61,155,338,248,20210917_172112.jpg,450,600
image,102,162,223,304,20210917_172118.jpg,450,600
image,158,175,155,192,20210922_165651.jpg,480,640
image,136,153,233,294,20210922_165657.jpg,480,640
image,57,52,378,499,20210922_165659.jpg,480,640
image,125,135,191,289,20210922_165816.jpg,480,640
image,127,116,232,357,20210922_165826.jpg,480,640
image,71,66,315,498,20210922_165855.jpg,480,640
image,172,152,154,247,20210922_165857.jpg,480,640
image,116,93,262,400,20210922_165940.jpg,480,640
image,171,191,138,214,20210922_165957.jpg,480,640
image,141,135,190,351,20210922_170027.jpg,480,640
image,109,129,282,331,20210922_170052.jpg,480,640
image,135,136,233,343,20210922_170102.jpg,480,640
image,86,63,305,537,20210922_170111.jpg,480,640
image,119,132,227,349,20210922_170136.jpg,480,640
image,75,71,334,518,20210922_170205.jpg,480,640
image,106,210,276,182,20210922_170213.jpg,480,640
image,160,181,146,216,20210922_170229.jpg,480,640
image,135,153,210,313,20210922_170249.jpg,480,640
image,157,187,178,269,20210922_170252.jpg,480,640
image,68,46,361,551,20210922_170310.jpg,480,640
image,193,207,153,256,20210922_170313.jpg,480,640
image,106,198,288,182,20210922_170338.jpg,480,640
image,16,148,464,296,20210922_170352.jpg,480,640
image,100,89,277,436,20210922_170400.jpg,480,640
image,83,100,320,396,20210922_170419.jpg,480,640
image,64,59,348,493,20210922_170425.jpg,480,640
image,38,44,408,549,20210922_170447.jpg,480,640
image,87,92,317,433,20210922_170502.jpg,480,640
image,42,173,403,285,20210922_170515.jpg,480,640
image,82,110,334,400,20210922_170603.jpg,480,640
image,47,162,402,265,20210922_170612.jpg,480,640
image,1,128,478,382,20210922_170614.jpg,480,640
image,77,77,353,455,20210922_170621.jpg,480,640
image,68,161,329,259,20210922_170703.jpg,480,640
image,53,185,363,268,20210922_170705.jpg,480,640
image,54,197,370,269,20210922_170716.jpg,480,640
image,34,156,412,295,20210922_170719.jpg,480,640
image,91,144,336,247,20210922_170724.jpg,480,640
image,117,98,258,376,20210922_170756.jpg,480,640
image,96,62,308,456,20210922_170800.jpg,480,640
image,146,142,205,303,20210922_170804.jpg,480,640
image,141,123,240,345,20210922_170807.jpg,480,640
image,106,139,261,376,20210922_170815.jpg,480,640
image,81,63,340,526,20210922_170822.jpg,480,640
image,95,140,309,375,20210922_170840.jpg,480,640
image,111,162,286,358,20210922_170848.jpg,480,640
image,115,143,279,354,20210922_170852.jpg,480,640
image,89,169,311,244,20210922_170900.jpg,480,640
image,82,83,339,479,20210922_170924.jpg,480,640
image,75,133,365,415,20210922_170929.jpg,480,640
image,17,107,463,337,20210922_170939.jpg,480,640
image,95,107,278,396,20210922_171033.jpg,480,640
image,54,49,370,479,20210922_171045.jpg,480,640
image,102,83,312,479,20210922_171054.jpg,480,640
image,95,207,308,218,20210922_171107.jpg,480,640
image,116,241,244,174,20210922_171111.jpg,480,640
image,0,149,429,327,20210922_171150.jpg,480,640
image,112,189,252,248,20210922_171157.jpg,480,640
image,102,101,294,380,20210922_171159.jpg,480,640
image,60,111,365,452,20210922_171211.jpg,480,640
image,148,151,241,354,20210922_171215.jpg,480,640
image,118,100,240,354,20210922_171220.jpg,480,640
image,95,133,277,393,20210922_171225.jpg,480,640
image,110,143,263,307,20210922_171233.jpg,480,640
image,68,187,334,264,20210922_171252.jpg,480,640
image,166,200,133,270,20210922_171700.jpg,480,640
image,81,173,297,317,20210922_171719.jpg,480,640
image,99,42,284,475,20210922_172038.jpg,480,640
image,167,44,173,512,20210922_173743.jpg,480,640
image,125,119,242,402,20210922_174607.jpg,480,640
image,58,56,366,416,20210922_180233.jpg,480,640
image,129,157,191,270,20210922_180240.jpg,480,640
image,136,178,215,188,20210922_180252.jpg,480,640
image,135,156,231,208,20210922_180255.jpg,480,640
image,86,92,277,451,20210922_180300.jpg,480,640
image,117,194,228,305,20210922_180246.jpg,457,640
image,140,200,177,257,20210922_180249.jpg,493,640
image,111,166,393,325,242177658_10163260443368125_8380300380765855737_n.jpg,640,640
image,138,188,333,379,242181377_10163260443348125_1998744997868187038_n.jpg,640,640
image,179,206,219,236,242186541_10163260443378125_7904849282362839532_n.jpg,640,640
image,114,200,334,376,242194043_10163260443343125_4301650992162116083_n.jpg,640,640
image,143,175,311,379,242245768_10163260443393125_2533648027351925329_n.jpg,640,640
image,119,153,320,369,242266153_10163260443383125_1821573681241067387_n.jpg,640,640
image,144,134,329,414,242304672_10163260443363125_7979003961609446447_n.jpg,640,640
image,68,197,364,281,IMG-20210922-WA0009.jpg,480,640
image,133,223,209,267,IMG-20210922-WA0010.jpg,480,640
image,147,147,250,313,IMG-20210922-WA0011.jpg,480,640
image,75,96,375,381,IMG-20210922-WA0012.jpg,480,640
image,97,125,302,410,IMG-20210922-WA0013.jpg,480,640
image,77,128,341,410,IMG-20210922-WA0014.jpg,480,640
image,78,53,365,506,IMG-20210922-WA0015.jpg,480,640
image,57,182,388,260,IMG-20210922-WA0016.jpg,480,640
image,129,93,238,429,IMG-20210922-WA0017.jpg,480,640
image,107,148,269,346,IMG-20210922-WA0018.jpg,480,640
image,54,155,401,311,IMG-20210922-WA0019.jpg,480,640
image,44,141,410,327,IMG-20210922-WA0020.jpg,480,640
image,111,86,277,433,IMG-20210922-WA0021.jpg,480,640
image,116,115,258,398,IMG-20210922-WA0022.jpg,480,640
image,103,89,274,424,IMG-20210922-WA0023.jpg,480,640
image,67,114,381,378,IMG-20210922-WA0024.jpg,480,640
image,83,215,335,237,IMG-20210922-WA0025.jpg,480,640
image,40,164,405,324,IMG-20210922-WA0026.jpg,480,640
image,27,160,412,331,IMG-20210922-WA0027.jpg,480,640
image,100,76,330,248,IMG-20210922-WA0028.jpg,640,480
image,145,104,313,196,IMG-20210922-WA0029.jpg,640,480
image,161,58,301,216,IMG-20210922-WA0030.jpg,640,359
image,177,128,277,171,IMG-20210922-WA0031.jpg,640,480
image,135,89,375,257,IMG-20210922-WA0032.jpg,640,480
image,121,161,237,305,IMG-20210922-WA0033.jpg,480,640
image,126,51,359,327,IMG-20210922-WA0034.jpg,640,480
image,98,104,263,414,IMG-20210922-WA0035.jpg,480,640
image,60,65,338,352,IMG-20210922-WA0036.jpg,480,640
image,138,100,208,271,IMG-20210922-WA0037.jpg,480,640
image,118,97,220,336,IMG-20210922-WA0038.jpg,480,640
image,102,79,232,358,IMG-20210922-WA0039.jpg,480,640
image,177,62,253,203,IMG-20210922-WA0040.jpg,640,480
image,88,104,297,226,IMG-20210922-WA0041.jpg,480,640
image,123,82,188,253,IMG-20210922-WA0042.jpg,480,640
image,80,65,298,384,IMG-20210922-WA0043.jpg,480,640
image,84,40,244,349,IMG-20210922-WA0044.jpg,480,640
image,96,86,251,371,IMG-20210922-WA0045.jpg,480,640
image,132,53,344,295,IMG-20210922-WA0046.jpg,640,480
image,150,50,334,289,IMG-20210922-WA0047.jpg,640,480
image,103,107,425,260,IMG-20210922-WA0048.jpg,640,480
image,124,75,188,272,IMG-20210922-WA0049.jpg,480,640
image,110,107,231,309,IMG-20210922-WA0050.jpg,480,640
image,187,97,275,203,IMG-20210922-WA0051.jpg,640,480
image,109,106,330,396,IMG-20210922-WA0052.jpg,480,640
image,141,76,429,287,IMG-20210922-WA0053.jpg,640,480
image,56,73,337,451,IMG-20210922-WA0054.jpg,480,640
image,118,71,353,261,IMG-20210922-WA0055.jpg,640,480
image,57,66,477,315,IMG-20210922-WA0056.jpg,640,480
image,135,41,321,238,IMG-20210922-WA0057.jpg,640,480
image,147,137,192,292,20210921_164033.jpg,480,640
image,110,104,302,440,20210921_164038.jpg,480,640
image,113,226,252,168,20210921_164043.jpg,480,640
image,125,138,244,357,20210921_164046.jpg,480,640
image,120,125,250,373,20210921_164050.jpg,480,640
image,139,127,230,339,20210921_164059.jpg,480,640
image,87,202,306,212,20210921_164103.jpg,480,640
image,80,74,313,458,20210921_164106.jpg,480,640
image,70,176,311,250,20210921_164115.jpg,480,640
image,127,169,173,259,20210921_164118.jpg,480,640
image,31,163,408,278,20210921_164135.jpg,480,640
image,64,170,362,248,20210921_164138.jpg,480,640
image,83,106,310,386,20210921_164147.jpg,480,640
image,104,200,292,195,20210921_164150.jpg,480,640
image,115,256,260,177,20210921_164153.jpg,480,640
image,103,153,318,219,20210921_164159.jpg,480,640
image,102,166,284,188,20210921_164201.jpg,480,640
image,92,148,315,219,20210921_164204.jpg,480,640
image,104,193,292,198,20210921_164206.jpg,480,640
image,25,182,415,282,20210921_164210.jpg,480,640
image,102,187,307,214,20210921_164213.jpg,480,640
image,113,115,262,333,20210921_164220.jpg,480,640
image,59,173,352,243,20210921_164228.jpg,480,640
image,84,179,327,222,20210921_164230.jpg,480,640
image,70,184,347,235,20210921_164235.jpg,480,640
image,65,172,386,262,20210921_164238.jpg,480,640
image,80,81,347,436,20210921_164247.jpg,480,640
image,83,226,287,198,20210921_164251.jpg,480,640
image,92,204,313,212,20210921_164253.jpg,480,640
image,71,188,348,240,20210921_164256.jpg,480,640
image,89,179,348,235,20210921_164259.jpg,480,640
image,64,175,348,234,20210921_164307.jpg,480,640
image,103,185,311,251,20210921_164316.jpg,480,640
image,126,225,184,127,20210921_164319.jpg,480,640
image,112,222,271,186,20210921_164323.jpg,480,640
image,87,175,355,238,20210921_164327.jpg,480,640
image,44,91,393,310,20210921_164332.jpg,480,640
image,136,253,182,130,20210921_164335.jpg,480,640
image,66,137,361,250,20210921_164343.jpg,480,640
image,141,155,216,327,20210921_164445.jpg,480,640
image,82,141,278,376,20210921_164449.jpg,480,640
image,110,101,263,341,IMG-20210921-WA0017.jpg,480,640
image,124,150,260,326,IMG-20210921-WA0018.jpg,480,640
image,153,69,358,265,IMG-20210921-WA0019.jpg,640,480
image,127,59,347,310,IMG-20210921-WA0020.jpg,640,480
image,140,190,186,234,IMG-20210921-WA0021.jpg,480,640
image,76,66,354,456,IMG-20210921-WA0022.jpg,480,640
image,108,102,247,400,IMG-20210921-WA0023.jpg,480,640
image,116,131,235,301,IMG-20210921-WA0024.jpg,480,640
image,139,120,219,358,IMG-20210921-WA0026.jpg,480,640
image,169,43,314,271,IMG-20210921-WA0027.jpg,640,480
image,152,115,180,287,IMG-20210921-WA0028.jpg,480,640
image,164,52,315,263,IMG-20210921-WA0029.jpg,640,480
image,160,99,311,256,IMG-20210921-WA0030.jpg,640,480
image,92,130,300,382,IMG-20210921-WA0031.jpg,480,640
image,99,102,282,364,IMG-20210921-WA0032.jpg,480,640
image,78,123,295,374,IMG-20210921-WA0033.jpg,480,640
image,138,70,398,271,IMG-20210921-WA0034.jpg,640,480
image,113,116,263,349,IMG-20210921-WA0035.jpg,480,640
image,106,80,454,312,IMG-20210921-WA0036.jpg,640,480
image,54,164,657,485,20210812_194926_manipulated.jpg,740,853
image,75,197,612,410,20210812_194936_manupulated.jpg,746,921
image,45,129,317,290,20210821_151209_man.jpg,450,600
image,210,74,342,269,20210823_115339_man.jpg,600,450
image,115,137,233,219,20210823_134239_man.jpg,450,600
image,122,56,261,370,20210824_121252_man.jpg,450,600
image,108,57,415,322,20210824_132434_man.jpg,600,450
image,105,93,336,227,20210824_132909_man.jpg,551,414
image,144,138,216,328,20210824_133328_man.jpg,450,600
image,85,63,322,238,20210824_133603_man.jpg,504,398
image,61,36,446,323,20210824_135604_man.jpg,600,450
image,81,120,453,233,20210824_140158_man.jpg,600,450
image,73,54,391,307,20210824_151406_man.jpg,506,397
image,46,158,331,246,20210917_163551_man.jpg,450,600
image,179,214,124,140,20210917_164656_man.jpg,450,600
image,119,214,209,231,20210917_171501_man.jpg,450,600
image,120,99,220,335,IMG-20210922-WA0038_man.jpg,480,640
image,73,156,390,284,IMG_20210625_150712_man.jpg,566,600
image,39,101,528,404,IMG_20210625_150718_man.jpg,597,600
image,93,93,272,347,IMG_20210625_152248_man.jpg,450,600
image,82,98,296,398,IMG_20210625_152403_man.jpg,450,600
image,85,117,259,348,IMG_20210625_152410_man.jpg,450,600
image,15,18,558,422,IMG_20210625_152930 (copy 1)_man.jpg,600,452
image,36,38,519,438,argenteuil-1875-by-claude-monet-musee-de-lorangerie-tuileries-paris-france-RKD4FP_man.jpg,598,508
image,31,34,341,250,crop4_man.jpg,417,330
image,89,181,319,234,breugel_virtual1.jpg,471,644
image,242,122,853,612,breugel_virtual2.jpg,1348,871
image,97,168,315,231,breugel_virtual3.jpg,474,639
image,68,147,421,311,breugel_virtual4.jpg,510,683
image,152,142,260,368,$_59.jpeg,552,640
image,162,128,297,231,02theluteplayer.jpg,640,480
image,83,43,470,342,03-16w-crmet-breuer15.jpg,640,426
image,205,147,238,176,03thedenialofsaintpeter.jpg,640,480
image,162,124,313,241,05themusicians.jpg,640,480
image,208,49,207,271,110942.jpg,640,359
image,91,126,259,349,110951.jpg,427,590
image,73,128,335,409,13caravaggio.jpg,479,640
image,122,156,234,320,228174578.jpg,480,640
image,68,83,360,291,242076533_243009157753269_800762626854359132_n.jpg,640,480
image,143,172,225,296,26vandyck-notebook1-articleLarge.jpg,512,640
image,193,100,191,258,4ec6f46f0500e2088c3161f5f2338fb6.jpg,628,471
image,78,81,345,481,4ecde914294c9efc00bcad255df2dd81.jpg,504,640
image,155,60,395,224,501385-exposition-leonard-de-vinci-au-louvre-les-photos-8.jpg,640,426
image,157,123,254,360,501397-exposition-leonard-de-vinci-au-louvre-les-photos-12.jpg,521,640
image,96,172,203,144,501400-exposition-leonard-de-vinci-au-louvre-les-photos-13.jpg,388,542
image,211,6,278,393,501415-exposition-leonard-de-vinci-au-louvre-les-photos-18.jpg,640,426
image,49,52,343,495,501427-exposition-leonard-de-vinci-au-louvre-les-photos-22.jpg,436,617
image,41,21,554,259,501451-exposition-leonard-de-vinci-au-louvre-les-photos-30.jpg,640,360
image,80,120,301,320,501466-exposition-leonard-de-vinci-au-louvre-les-photos-35.jpg,478,612
image,108,87,153,247,54881426_403.jpg,357,478
image,123,165,317,352,58c2be87459a454e008b46b9.jpg,640,564
image,98,86,465,181,6ce7a39c7d1fbd3b05f685e602dcd2d2.jpg,640,345
image,118,188,313,175,9e6e9d0ff146c3150b05e10474205610.jpg,550,550
image,95,83,451,466,IMG_0980.jpg,640,640
image,74,133,322,391,IMG_6463-900x675.jpg,477,640
image,126,115,305,378,JeuneFillePerle.jpg,555,640
image,177,47,349,276,Louvre_Liberty-leading-the-people-wide-with-guests_SM-copy-768x512.jpg,640,426
image,88,86,340,465,Marie-Antoinette-auf-Karton_a.jpg,513,640
image,84,153,224,265,Monet_Eroffnung_DvB_90_1_.jpg,410,572
image,84,118,217,334,Monet_Higlight_13.jpg,418,602
image,101,139,235,339,Portrait-de-Femme-Leonardo-da-Vinci-2-Louvre-Museum-Paris-France.jpg,426,640
image,103,92,266,385,Salvator-Mundi_865727302.jpg,476,629
image,44,42,552,447,Samuel-Mutzner_Peisaj-de-toamna-1024x858.jpg,640,536
image,134,119,305,391,bilderrahmen-im-barockstil-407788.jpg,565,640
image,124,165,233,299,c7ca6db4d9c5f0ad7044675fd27a25ce.png,480,640
image,89,71,292,219,dela_crop1.jpg,463,368
image,153,102,323,229,dela_crop10.jpg,640,456
image,140,139,291,318,dela_crop11.jpg,558,640
image,115,190,178,233,dela_crop12.jpg,409,620
image,94,220,294,204,dela_crop13.jpg,468,640
image,111,100,294,220,dela_crop2.jpg,491,418
image,90,82,295,471,dela_crop3.jpg,470,640
image,111,195,190,236,dela_crop4.jpg,431,640
image,86,61,320,507,dela_crop5.jpg,483,640
image,162,110,342,229,dela_crop6.jpg,640,418
image,188,85,258,202,dela_crop7.jpg,640,383
image,100,105,395,306,dela_crop8.jpg,640,555
image,191,92,258,190,dela_crop9.jpg,640,404
image,66,66,291,161,icebergs-in-museum-659x494.jpg,399,294
image,69,183,279,207,khm_Crop1.jpg,432,605
image,75,122,188,293,khm_Crop2.jpg,349,541
image,156,91,310,247,louvre3.jpg,640,444
image,80,93,171,197,merlin_crop1.jpg,328,424
image,75,148,286,235,merlin_crop2.jpg,414,559
image,101,123,182,257,merlin_crop3.jpg,371,533
image,97,176,270,197,merlin_crop4.jpg,475,624
image,63,64,172,318,merlin_crop5.jpg,321,507
image,109,30,439,282,metr_crop1.jpg,640,426
image,66,46,213,374,metr_crop10.jpg,356,509
image,61,83,245,319,metr_crop2.jpg,382,504
image,70,164,214,254,metr_crop3.jpg,433,635
image,90,134,247,272,metr_crop4.jpg,419,547
image,176,165,138,203,metr_crop5.jpg,366,578
image,119,112,216,297,metr_crop6.jpg,450,596
image,68,66,246,342,metr_crop9.jpg,370,537
image,115,105,236,348,mona_louvre.jpeg,465,537
image,92,67,247,188,monet_crop1.jpg,439,356
image,93,41,255,285,monet_crop5.jpg,451,358
image,96,100,251,305,musee-marmottan-monet-museum-paris-france-703.jpg,427,540
image,38,40,565,304,musee-marmottan-monet-museum-paris-france-705.jpg,640,380
image,92,87,339,266,musee-marmottan-monet-museum-paris-france-708.jpg,640,432
image,67,168,247,311,ottoman1.jpg,417,617
image,148,196,197,244,ottoman2.jpg,484,640
image,96,151,264,327,ottoman3.jpg,441,607
image,107,139,198,257,ottoman4.jpg,382,524
image,70,121,165,213,ottoman5.jpg,306,457
image,91,115,212,269,ottoman6.jpg,381,512
image,220,173,198,292,s-l1000.jpg,640,640
image,100,95,133,205,s-l400.jpg,331,400
image,53,95,199,263,screenshot1.jpg,327,449
image,32,70,287,352,screenshot2.jpg,387,503
image,75,99,364,493,screenshot5.jpg,506,640
image,138,171,100,124,velazques_crop1.jpg,371,498
image,152,159,159,200,velazques_crop2.jpg,451,558
image,136,187,252,149,zurbaran_crop1.jpg,485,624
image,84,144,162,141,zurbaran_crop2.jpg,329,460
image,253,84,225,261,-jupiter-und-io-von-paris-bordone-.jpg,640,360
image,211,172,265,236,0710-whistlers-mother.jpg,640,466
image,92,80,316,471,101.jpeg,498,640
image,101,134,424,381,11549231_1.jpg,640,640
image,136,121,226,297,20180308_170837.jpg,480,640
image,45,138,336,449,20180308_171934.jpg,480,640
image,101,93,290,478,20180308_172522.jpg,480,640
image,62,122,293,405,20180308_173320.jpg,480,640
image,56,117,325,429,20180408_152149.jpg,480,640
image,88,69,344,500,20180429_152854.jpg,480,640
image,68,77,369,511,20180513_172005.jpg,480,640
image,77,158,346,271,20180513_174530.jpg,480,640
image,1,153,479,322,20181028_165141.jpg,480,640
image,75,194,310,232,20210923_214612.jpg,480,640
image,82,169,330,247,20210923_214614.jpg,480,640
image,25,75,557,307,20210923_214628.jpg,640,480
image,86,221,291,201,20210926_030909.jpg,480,640
image,156,146,185,270,20211003_220354.jpg,480,640
image,71,75,336,454,20211003_220400.jpg,480,640
image,91,126,276,374,20211003_220404.jpg,480,640
image,137,138,255,348,20211003_220409.jpg,480,640
image,109,126,278,375,20211003_220413.jpg,480,640
image,111,116,292,395,20211003_220416.jpg,480,640
image,105,91,288,408,20211003_220420.jpg,480,640
image,97,138,287,399,20211003_220422.jpg,480,640
image,103,127,268,372,20211003_220427.jpg,480,640
image,113,149,273,364,20211003_220429.jpg,480,640
image,65,108,313,426,20211003_220432.jpg,480,640
image,126,118,265,371,20211003_220442.jpg,480,640
image,99,125,270,364,20211003_220444.jpg,480,640
image,104,143,284,384,20211003_220447.jpg,480,640
image,94,124,296,403,20211003_220451.jpg,480,640
image,106,112,245,351,20211005_124547.jpg,480,640
image,43,177,385,300,20211005_124551.jpg,480,640
image,81,186,311,231,20211005_210935.jpg,480,640
image,139,180,169,255,20211005_210948.jpg,480,640
image,113,237,253,190,20211005_210953.jpg,480,640
image,121,226,265,196,20211005_210956.jpg,480,640
image,128,210,252,185,20211005_211001.jpg,480,640
image,105,202,308,150,20211005_211105.jpg,480,640
image,130,216,200,273,20211005_211110.jpg,480,640
image,35,148,412,331,20211026_204600.jpg,480,640
image,34,227,424,205,20211028_150028.jpg,480,640
image,45,143,401,302,20211028_150040.jpg,480,640
image,123,194,235,220,20211103_003912.jpg,480,640
image,94,190,305,226,20211103_003918.jpg,480,640
image,65,190,338,206,20211103_003928.jpg,480,640
image,24,178,439,271,20211103_003933.jpg,480,640
image,91,195,305,227,20211103_003939.jpg,480,640
image,112,144,262,378,20211103_004016.jpg,480,640
image,106,114,269,393,20211103_004019.jpg,480,640
image,144,148,241,360,20211103_004021.jpg,480,640
image,61,141,351,366,20211103_155323.jpg,480,640
image,87,44,294,489,20211105_125057.jpg,480,640
image,45,123,409,339,20211105_125800.jpg,480,640
image,56,91,393,388,20211105_125804.jpg,480,640
image,89,44,268,429,20211223_141159.jpg,480,640
image,109,1,304,636,20211223_142057.jpg,480,640
image,24,204,434,269,20211227_144243.jpg,480,640
image,49,86,314,492,20211227_144249.jpg,480,640
image,71,98,348,473,20211227_144258.jpg,480,640
image,58,96,336,479,20211227_144301.jpg,480,640
image,36,109,415,487,20211227_144304.jpg,480,640
image,58,86,399,468,20211227_144331.jpg,480,640
image,19,205,428,271,20211227_144346.jpg,480,640
image,56,56,377,546,20211227_144350.jpg,480,640
image,26,100,432,499,20211227_144354.jpg,480,640
image,157,258,167,217,FB_IMG_1633393569461.jpg,480,640
image,76,23,451,367,Rembrandt-Night-Watch.jpg,640,427
image,36,45,571,394,Rubens_workshop_-_Le_Massacre_des_Innocents_-_Mus-es_royaux_des_beaux-arts_de_Belgique.jpg,640,477
image,63,1,513,334,The-Sleeping-Gypsy-1-Henri-Rousseau1987.jpg,640,336
image,29,50,583,349,download.jpeg,640,452
image,45,34,452,573,frompng.jpg,537,640
image,21,1,426,614,gettyimages-90014436-1607000963.jpg,469,640
image,142,78,250,211,khm_fb_1.jpg,561,417
image,120,94,146,186,khm_fb_2.jpg,385,479
image,127,192,139,185,khm_fb_3.jpg,403,590
image,96,182,112,180,khm_fb_4.jpg,365,570
image,122,138,135,175,khm_fb_5.jpg,343,480
image,19,16,450,596,son-of-man-1964-Rene-Magritte-1.jpg,495,640
image,67,59,507,379,sticker-tableau-picasso--les-demoiselles-d-avignon-ambiance-sticker-col-RJ030.jpg,640,502
image,156,173,277,373,elements1.jpg,640,608
image,87,181,258,270,elements2.jpg,491,640
object,65,113,496,267,$_57.jpeg,640,480
object,250,0,211,426,$_86 (1).jpeg,640,480
object,82,14,314,450,$_86.jpeg,430,640
object,92,86,464,305,01951d87-dce9-4f57-a552-24f049d7ac82.jpg,640,480
object,117,4,223,630,1-Bronze-Large-Parvati_3.jpg,449,640
object,55,8,339,624,1-Painted-Wooden-Ganapathi-Figure.jpg,449,640
object,82,48,464,374,106988_005.jpeg,640,439
object,110,165,235,362,1361277695672-ztf91.jpg,405,640
object,92,75,251,563,1578197045_636_s-l1600.jpg,432,640
object,52,17,358,586,178N09595_96N5P.jpg,446,640
object,85,139,262,371,2017_11_13_PHOTO_00005476_master.jpg,480,640
object,84,104,306,437,2019_CKS_18152_0402_002(an_old_babylonian_cuneiform_clay_tablet_of_the_ur-isin_king_list_isin).jpg,479,640
object,45,65,242,352,20201127_141621.jpg,362,640
object,115,107,292,362,2020_NYR_19058_0045_000(a_roman_marble_portrait_bust_of_a_man_antonine_period_circa_mid_2nd_ce111530).jpg,531,640
object,62,13,391,571,27097153151_15abcf9222_b.jpg,480,640
object,110,127,271,249,27_ViennaMuseums.jpeg,520,390
object,90,36,293,587,2b917a83fe350f7845444c4815479e77.jpg,480,640
object,111,107,302,471,379611649_0960d2c1df_b.jpg,480,640
object,199,0,284,423,3819a73aeb6f535d253535ed75fff274.jpg,640,425
object,249,27,207,452,40_ViennaMuseums.jpeg,640,480
object,172,24,205,543,45345fgfddf.jpg,519,600
object,83,39,137,300,5456222110_5c7db19126.jpg,321,500
object,26,126,378,412,57f8598dcc12e27df1a198de8ad3d639.jpg,426,640
object,72,125,528,289,5bf02ba2511db41ea62a874f.jpeg,640,480
object,70,24,398,447,5d14295d9e85ec4f954e0304cb0c7986--julius-caesar-ancient-rome.jpg,523,640
object,192,15,243,579,5ebba8168eed6.jpg,640,640
object,134,42,404,575,5f4616282551c.jpg,640,640
object,153,118,341,323,632a61b3eb6fbfd73e705d317b8bdf31.jpg,640,576
object,78,75,344,447,6b092fc768347bd9254e17f8cd5330f8.jpg,480,640
object,96,88,193,504,6dadb6e4a63d7cd3c34acb64bb8f1365.jpg,426,640
object,57,24,508,387,753425.JPG,640,426
object,28,26,370,599,78ae744a22fe5e675ce06594f86526e6.jpg,425,640
object,19,6,256,630,8512150971_fc09a0b8a8_b.jpg,426,640
object,161,48,250,521,8a927e8c2c1e2b5ee109b35acf6fa63d.jpg,640,640
object,100,10,399,566,9892.jpg,640,588
object,131,41,371,515,AHA1084.4L.jpg,639,640
object,125,120,322,330,A_gents_antique_silver_wrist_w_as170a3301z-1.jpg,512,640
object,111,66,410,500,An_ornate_antique_open_faced_P_as170a4142z.jpg,636,640
object,42,43,346,459,Apollo-Classical-Greek-bust-statue-1234-p.jpg,409,640
object,139,23,143,564,C0389620-Greek_statue.jpg,480,640
object,31,65,576,390,Casket_ivory_Louvre_UCAD4417.jpg,640,473
object,64,41,512,511,Dollarphotoclub_5378865.jpg,640,599
object,38,138,324,318,Gents_Smiths_Astral_wrist_watc_as170a4482z.jpg,459,640
object,120,33,158,591,HTB1DxQlPFXXXXb9XFXXq6xXFXXXK.jpg,422,640
object,11,45,401,496,IMG_0561.jpg,480,640
object,73,44,275,566,IMG_2003_z.jpg,426,640
object,30,8,497,561,K-169-G_20GREEN_20LINER_grande.jpeg,538,573
object,69,43,471,541,KK_2018_14360.jpg,575,640
object,107,152,392,366,KK_2058_01.jpg,612,640
object,105,30,445,369,KK_3392_06.jpg,640,425
object,121,70,338,296,KK_8924_9380.jpg,640,449
object,76,9,490,389,Kunsthistorisches_Museum_Wien_2016_Kunstkammer_Nikolaus_Schmidt_Prunkbecken_mit_Kanne_KK_1124_KK_1138_a.jpg,640,427
object,204,25,218,295,SI_RM_1070bw-900x598.jpg,640,425
object,64,236,266,264,SaalXX_DC75796.jpg,426,640
object,61,72,488,319,Saal_XXIX_3.jpg,600,399
object,82,16,376,567,Salzburg-Do-Re-Mi-statues-on-gate-posts-into-Mirabellgarten-statue-close-up.jpg,480,640
object,149,66,288,308,Vandalised-Statues-5.jpg,469,640
object,197,70,145,398,a42a32cd8a49d3e13ac246c57cb07b88.jpg,480,640
object,65,189,293,265,adsadsdsdsdsd.jpg,450,600
object,91,29,332,303,adsfdggj.jpg,512,341
object,152,66,179,460,ancient-maya-statue-rocks-near-ocean-maya-statue-82514377.jpg,498,640
object,56,10,351,599,augustus-roemische-kaiser-bueste-von-bevilacqua_3.jpg,480,640
object,60,25,312,581,babylonian-clay-tablet-granger.jpg,384,640
object,58,135,530,467,bronze-egyptian-ibis.jpg,640,640
object,118,47,268,542,bronze-statue.jpg,450,600
object,67,77,511,463,ddfdfddddddddddd.jpg,600,555
object,106,0,251,599,dfdffddsa.jpg,450,600
object,115,192,253,271,dfdfhfjjlö.jpg,450,600
object,89,101,219,410,dfgdlkjösd.jpg,400,600
object,114,40,288,562,diana-roman-head-stone-bust-statue--large-garden-ornament_1.jpg,505,640
object,12,125,411,278,dsfffdfdfdfdfdfdfdf.jpg,450,600
object,123,2,238,580,dsgsdg.jpg,450,600
object,104,8,283,604,e6a8f5c8742cb4f93113a9230ef828ef--roman-sculpture-art-sculpture.jpg,478,640
object,26,70,575,410,fdgdfhhk.JPG,640,507
object,1,67,593,277,fgdljkl.jpg,600,450
object,90,20,459,352,fsdfsdfs.jpg,600,399
object,35,21,301,511,hjkhjkh.jpg,391,543
object,53,47,329,572,il_794xN.1126743466_21h9.jpg,462,640
object,94,16,222,618,il_794xN.1350789736_cyca.jpg,480,640
object,67,40,188,502,il_794xN.1760183621_i31s.jpg,303,640
object,109,41,236,427,il_fullxfull.1021104148_hsxm.jpg,480,640
object,185,7,281,472,il_fullxfull.1375112497_63ad.jpg,640,480
object,87,20,359,586,il_fullxfull.1474118810_thuq.jpg,500,640
object,222,14,176,535,il_fullxfull.1552888534_m4au.jpg,640,640
object,18,49,590,509,il_fullxfull.1863051836_294u.jpg,640,640
object,142,67,356,414,il_fullxfull.2292632414_qikr.jpg,640,639
object,93,73,268,501,il_fullxfull.2687021755_h6to.jpg,480,640
object,62,81,438,530,istockphoto-1057956656-612x612.jpg,555,612
object,29,73,591,383,jugendstil-schatulle-mit-leder-1gFLwVAmORWeEF.jpg,640,484
object,174,19,334,412,kronjuwelen-gesucht---opulenter-ring-barock-stil-925er-silber-vergoldet-zirkonia (1).jpg,640,480
object,220,3,233,439,kronjuwelen-gesucht---opulenter-ring-barock-stil-925er-silber-vergoldet-zirkonia.jpg,640,480
object,208,18,234,370,kunstkammer-globuspokal.jpg,640,422
object,156,70,232,514,maya-statue-3d-model-max-obj.jpg,572,640
object,223,16,193,388,maya-statue-ancient-rocks-near-ocean-33710714.jpg,640,424
object,22,3,344,634,maya-warrior-statue-7066457.jpg,416,640
object,7,93,441,441,museum_egyptian.jpg,450,600
object,107,130,208,407,museum_frong.jpg,450,600
object,23,120,417,275,museum_front (copy 1).jpg,450,600
object,228,0,251,567,old_stand_watch.jpg,640,640
object,163,34,284,395,pl18082997-remark.jpg,640,457
object,150,3,395,471,resized_BCI01_JE006-01.jpg,640,483
object,87,82,521,498,rolex_converted.jpg,640,640
object,145,52,402,510,s-l1000 (1).jpg,640,584
object,7,6,624,599,s-l1000-coin.jpg,640,613
object,80,66,294,533,sddsdsdfsdf.jpg,450,600
object,39,41,423,520,sdfasdfsdfas.jpg,517,600
object,61,7,324,591,sdfdsfasdf.jpg,450,600
object,33,100,281,142,sdfsdfsad.jpg,345,334
object,20,2,404,596,sdfsdfshklöä.jpg,428,600
object,103,35,265,560,sdfsfdfdfdfddfdfdf.jpg,481,600
object,6,123,431,447,sdjhlöä#.jpg,450,600
object,29,106,378,442,sfsdfddd.jpg,450,600
object,18,149,360,385,sfsdgfhjjjj.jpg,400,600
object,215,24,237,328,sphinx-sculptures-belvedere-gardens-vienna-baroque-palace-complex-was-built-as-summer-residence-prince-eugene-savoy-75707760.jpg,640,470
object,106,5,273,625,ssdsdsddsdfsfss.jpg,480,640
object,126,64,316,292,ssdsdsddsss.jpg,600,399
object,28,104,385,448,sulaymaniyah-gilgamesh-epic-.jpg,424,640
object,158,78,290,270,vintage-rolex-submariner-1680.jpg,640,397
object,30,102,281,136,web2_flip.jpg,345,334
object,97,27,224,532,web_132.jpg,422,600
object,60,42,344,452,web_234234.jpg,414,529
object,48,41,317,524,web_front.jpg,399,600
object,197,126,200,397,webp_converted.jpg,640,531
object,141,85,200,473,werwer233.jpg,450,600
object,107,36,385,353,ysfhjlk.jpg,600,399
image,36,76,393,507,019b6df4-0eaf-4f3f-ba90-3631b0567a80.jpeg,480,640
object,79,140,350,389,03d49257-1348-4add-acec-7bf9790949dc.jpeg,480,640
object,67,112,354,399,07fee707-bf48-46d7-86c4-409df78d8825.jpeg,480,640
image,45,122,314,403,09b181f6-52ff-475c-a751-c6e346df9a7f.jpeg,480,640
image,25,147,582,166,0f4be465-156d-4f3e-aaf7-fc0aa8889e6a.jpeg,640,480
image,17,139,451,387,109e6438-4aa5-4254-a7d3-5ac834198c0b.jpeg,480,640
image,30,249,126,171,1373e1e0-aa6e-4193-962b-4d43f5e2617e.jpeg,480,640
image,307,259,64,127,1373e1e0-aa6e-4193-962b-4d43f5e2617e.jpeg,480,640
object,73,160,372,381,1804475d-b4db-43a3-8ebd-77f9cae35ce3.jpeg,480,640
image,172,80,195,199,199ac378-efc2-4456-bc94-5d3d0d1ff7c3.jpeg,511,640
image,37,155,429,376,1cb8d70b-9d2c-4f08-be97-9e72b46ad00b.jpeg,480,640
image,44,149,365,275,20220310_183415.jpg,480,640
image,58,85,507,295,20220310_183712.jpg,640,480
image,93,74,290,458,20220310_184033.jpg,480,640
image,48,110,507,256,20220310_184247.jpg,640,480
image,69,100,300,382,20220310_184450.jpg,480,640
object,150,173,127,263,20220310_185252.jpg,480,640
object,0,1,129,305,20220310_185252.jpg,480,640
object,128,182,174,344,20220310_185256.jpg,480,640
object,77,184,360,309,20220421_182219.jpg,480,640
object,97,187,278,317,20220421_182726.jpg,480,640
object,92,93,240,451,20220421_182733.jpg,480,640
image,137,147,214,400,20220428_180827.jpg,480,640
object,167,160,223,339,20220428_181137.jpg,480,640
object,54,114,247,357,20220428_181140.jpg,480,640
image,118,144,228,290,20220428_185319.jpg,480,640
image,45,220,396,203,20220511_110548.jpg,480,640
image,1,224,430,211,20220511_110551.jpg,480,640
object,150,205,160,270,20220511_111934.jpg,480,640
object,137,104,279,274,20220511_115118.jpg,480,640
object,35,132,423,409,20220513_124120.jpg,480,640
image,109,89,400,296,20220608_194335.jpg,640,480
image,117,122,363,268,20220608_194338.jpg,640,480
image,20,36,515,336,20220608_194456.jpg,640,480
image,29,93,437,462,20220608_194702.jpg,480,640
image,21,35,414,567,20220608_210618.jpg,480,640
image,49,33,397,538,20220608_210716.jpg,480,640
image,17,46,583,384,20220817_191508.jpg,640,480
image,75,80,323,494,20220817_191634.jpg,480,640
image,45,114,400,281,20220817_192102.jpg,480,640
image,31,43,578,392,20220817_192536.jpg,640,480
image,18,164,447,329,20220817_192600.jpg,480,640
image,88,47,306,527,20220817_192620.jpg,480,640
image,107,28,251,610,20220817_192906.jpg,480,640
image,56,179,366,279,20220817_193506.jpg,480,640
image,122,105,250,303,20220817_193701.jpg,480,640
image,76,74,306,477,20220817_194122.jpg,480,640
image,16,1,460,637,20220817_194209.jpg,480,640
image,33,46,428,534,20220817_194321.jpg,480,640
image,99,73,309,377,20220817_194854.jpg,480,640
image,66,91,358,316,20220817_194945.jpg,480,640
image,35,58,414,456,20220817_195842.jpg,480,640
image,140,209,207,139,20220817_195953.jpg,480,640
image,28,133,437,305,20220817_195959.jpg,480,640
image,167,188,163,218,20220817_200015.jpg,480,640
image,148,212,165,226,20220817_200023.jpg,480,640
image,143,183,210,264,20220817_200042.jpg,480,640
image,187,232,119,172,20220817_200140.jpg,480,640
image,171,208,118,163,20220817_200155.jpg,480,640
image,107,141,258,372,20220817_200526.jpg,480,640
object,113,52,234,544,20221007_182823.jpg,480,640
image,29,24,406,593,20221007_195048.jpg,480,640
image,60,55,381,538,20221007_195105.jpg,480,640
image,11,81,445,521,20221015_161050.jpg,480,640
image,40,0,409,637,20221015_161548.jpg,480,640
image,51,116,373,380,20221015_161938.jpg,480,640
image,43,85,385,390,20221015_161940.jpg,480,640
image,32,143,431,348,20221015_162953.jpg,480,640
object,91,79,323,494,20221015_163825.jpg,480,640
object,161,159,158,287,20221015_165234.jpg,480,640
object,55,41,353,539,20221015_170001.jpg,480,640
image,35,197,431,232,20221015_170220.jpg,480,640
image,57,197,372,203,20221015_170226.jpg,480,640
image,181,140,250,301,20221015_170722.jpg,480,640
image,113,144,268,361,20221015_171008.jpg,480,640
image,73,100,317,463,20221023_161430.jpg,480,640
image,130,127,259,353,20221023_223830.jpg,480,640
image,82,102,301,431,20221024_094937.jpg,480,640
image,111,204,237,187,20221124_185318.jpg,480,640
image,88,191,320,251,20221124_185320.jpg,480,640
image,61,190,351,268,20221124_185322.jpg,480,640
image,125,101,243,188,20221124_185326.jpg,480,640
image,87,56,329,502,20221214_182351.jpg,480,640
image,59,41,361,537,20221214_182400.jpg,480,640
image,39,169,410,290,20221214_182536.jpg,480,640
image,12,144,446,323,20221214_182540.jpg,480,640
image,41,198,382,306,20221214_183050.jpg,480,640
image,34,176,408,296,20221214_183322.jpg,480,640
image,38,122,374,373,20221214_183823.jpg,480,640
image,53,83,384,384,20221214_183827.jpg,480,640
image,37,97,511,279,20221214_184448.jpg,640,480
image,22,163,429,322,20221214_185855.jpg,480,640
image,151,197,135,203,20221214_190127.jpg,480,640
object,141,106,265,424,20221214_191625.jpg,480,640
image,80,131,340,371,20221214_192928.jpg,480,640
image,80,135,329,364,20221214_192929.jpg,480,640
image,39,201,304,214,20221214_195002.jpg,480,640
image,86,187,320,252,20221214_195253.jpg,480,640
image,79,157,342,257,20221214_195404.jpg,480,640
image,250,122,261,194,20221214_195412.jpg,640,480
image,75,63,474,364,20221214_195417.jpg,640,480
image,46,85,372,451,20221214_195621.jpg,480,640
image,65,211,342,224,20221214_195723.jpg,480,640
image,55,77,361,463,20221214_195815.jpg,480,640
image,73,109,344,430,20221214_195844.jpg,480,640
image,73,124,346,263,20221214_195928.jpg,480,640
image,84,138,301,225,20221214_200317.jpg,480,640
image,110,150,271,217,20221214_200544.jpg,480,640
object,28,33,432,606,20221224_151434.jpg,480,640
image,27,175,422,434,20230303_185657.jpg,480,640
image,50,179,364,384,20230303_185702.jpg,480,640
image,164,203,174,261,20230311_021342.jpg,480,640
image,122,153,248,315,20230311_021351.jpg,480,640
image,108,203,231,306,20230311_021723.jpg,480,640
image,103,230,190,285,20230311_021726.jpg,480,640
image,53,50,340,513,20230314_194009.jpg,480,640
image,17,19,420,619,20230314_194011.jpg,480,640
image,56,166,327,227,20230315_210607.jpg,480,640
image,36,218,393,255,20230321_203256.jpg,480,640
object,129,14,199,613,20230324_161054.jpg,480,640
object,6,120,471,425,20230324_165033.jpg,480,640
image,88,198,295,302,20230324_165350.jpg,480,640
image,74,177,339,362,20230324_165353.jpg,480,640
object,0,134,415,480,20230324_165521.jpg,480,640
object,7,87,560,391,20230324_165528.jpg,640,480
image,26,187,419,274,20230422_163756.jpg,480,640
image,30,189,414,272,20230422_163804.jpg,480,640
image,89,163,275,360,20230504_183112.jpg,480,640
image,75,137,296,394,20230504_183229.jpg,480,640
image,75,89,335,230,20230504_183245.jpg,480,640
image,103,399,273,182,20230504_183245.jpg,480,640
image,74,117,321,438,20230504_183409.jpg,480,640
image,109,101,256,450,20230504_191151.jpg,480,640
image,121,187,240,348,20230504_191243.jpg,480,640
image,77,106,323,469,20230504_191249.jpg,480,640
image,98,98,306,408,20230504_195914.jpg,480,640
object,125,88,216,480,20230601_142714.jpg,480,640
object,75,3,337,606,20230601_143326.jpg,480,640
object,35,35,404,583,20230601_143332.jpg,480,640
image,77,108,315,450,20230601_154750.jpg,480,640
image,66,190,348,349,2833abaf-2ddf-459e-9bd7-28db1669cd4f.jpeg,480,640
image,62,102,334,455,29f85cc7-9ff0-4d55-9427-d1e2a2833b7b.jpeg,480,640
object,155,125,194,396,29fa9ab3-232b-4c50-87b2-6cef6ff11ac9.jpeg,480,640
image,180,222,149,202,2a71421d-273e-4e64-acad-f7c1c64c2f63.jpeg,480,640
image,334,148,277,205,2d684905-7a03-4761-845a-6c2731f265c2.jpeg,640,480
image,103,84,98,108,2d684905-7a03-4761-845a-6c2731f265c2.jpeg,640,480
image,82,258,144,101,2d684905-7a03-4761-845a-6c2731f265c2.jpeg,640,480
image,37,112,425,421,2f9224b1-346f-43ab-88a0-dec8009f4df3.jpeg,480,640
image,83,117,292,431,32c471ed-b5b0-4085-b1a4-d930738f2200.jpeg,480,640
image,216,176,296,118,37334d47-664f-49d6-9a6c-bb3546e20097.jpeg,640,480
object,167,153,73,184,3d9c1260-8312-437a-94e9-ac1931aa7ae2.jpeg,480,640
image,83,113,279,428,4559ba3f-111f-416a-9fc3-1feb0a76da92.jpeg,480,640
image,66,115,292,437,45ca9ff8-f08c-4233-aab7-90da6ad17fa2.jpeg,480,640
image,68,129,462,173,46ea6aab-37d7-4839-ba1e-13f4a689eacc.jpeg,640,480
image,52,160,289,202,50cb72b7-d6fc-4491-b352-f7ea486e236c.jpeg,480,640
image,59,157,117,289,5379e535-8ed1-4495-92b5-6f0f832824b3.jpeg,480,640
image,234,159,123,282,5379e535-8ed1-4495-92b5-6f0f832824b3.jpeg,480,640
image,205,216,119,172,558f9f1a-2e26-4dd5-aa5e-e6b0ae15c82e.jpeg,480,640
image,146,122,328,180,6886ecef-a0d2-4369-96e1-3a71eb347c4e.jpeg,640,480
image,87,18,476,338,6a54dacc-705c-4973-9f06-aea751f7b6e9.jpeg,640,480
image,121,125,211,299,6b1509c7-0fd2-433a-a7d6-93cc99e58408.jpeg,480,640
object,50,111,374,372,6b23a034-16df-4eee-be3d-0fa70b7618aa.jpeg,480,640
image,171,6,368,294,6c6ab8b5-62a6-450a-bf49-981341c3f7b4.jpeg,640,480
image,95,94,325,253,6ced5b55-094a-4a23-8a94-b3131ec4be69.jpeg,640,480
image,468,76,134,108,6ced5b55-094a-4a23-8a94-b3131ec4be69.jpeg,640,480
image,468,238,123,106,6ced5b55-094a-4a23-8a94-b3131ec4be69.jpeg,640,480
image,94,209,312,216,77dda36b-3d18-4098-8daa-a59a17d23c24.jpeg,480,640
image,84,45,481,343,794f16eb-2929-4da2-9be5-cc1597433995.jpeg,640,480
image,129,203,226,231,7fcdac4b-25f5-426c-adc9-8322779a87d4.jpeg,480,640
image,35,75,572,352,8497e16d-f253-4736-9178-481dfec19cae.jpeg,640,480
image,215,209,134,197,84f3a1db-e1d6-4716-8611-d6f5265f8d17.jpeg,480,640
image,52,121,367,441,890e95a4-5639-4c40-8670-28f7fc712ed3.jpeg,480,640
image,161,104,392,285,8a5c731f-38d0-47ce-aff1-5a31bfaca6d1.jpeg,640,480
image,48,46,377,545,8aeba282-f2cf-4c40-94fd-4a860aabe721.jpeg,464,640
image,60,182,337,339,8aeba2db-2772-425a-9fe7-d3b7cfe47153.jpeg,480,640
image,61,119,371,423,8b5a8e41-6697-4c50-8a55-41bd76d116e7.jpeg,480,640
image,144,133,203,339,998935b5-c53b-4858-83e4-41e35f8167d5.jpeg,480,640
image,131,192,247,306,9fd8e32f-1f28-4fc1-9116-e10901fbf909.jpeg,480,640
image,40,59,415,501,a1def575-112c-4e86-8e9f-48f6e05ce16a.jpeg,480,640
image,115,70,299,301,a3f0cd0d-36d5-49f0-ab8a-92b0701f1ad1.jpeg,480,640
image,56,184,341,182,a4883885-6e67-4429-9dfc-1b15cb3fe300.jpeg,480,640
image,88,102,316,469,a9ec9ea4-e910-49b0-9ad9-a01dabaf1ecd.jpeg,480,640
image,31,136,426,421,acb73ed5-dff5-4125-90d6-37ff3b612cbd.jpeg,480,640
image,110,164,305,344,ae133603-869a-4113-853b-0268015c2852.jpeg,480,640
image,123,199,202,270,af09702b-baef-4b55-bc21-2fac18b44022.jpeg,480,640
image,180,231,195,236,b3a9ebb0-a0aa-4558-9a12-c444c3ba9607.jpeg,480,640
image,29,124,431,433,b56b9d24-af86-4ed9-9dcf-432afb8fb5dd.jpeg,480,640
image,99,117,268,471,b6f7e324-bfbe-4f30-9cc1-4bdc9e1709a8.jpeg,480,640
object,180,160,133,306,b9d54253-595c-490a-bc06-bb8f8c469a9d.jpeg,480,640
image,161,225,161,199,bbdf862e-50d3-4284-b6cc-8057d8cc52c9.jpeg,480,640
object,23,68,557,368,bc7e675e-5b5b-47cb-96bf-7618f53a955a.jpeg,640,480
image,2,2,501,634,bd698efb-efde-490b-8c26-1851e7cb77b1.jpeg,503,640
image,62,145,328,340,bf570060-f1ef-4167-8dad-580855ccb1a4.jpeg,480,640
image,46,191,298,225,c17c1463-40ad-4dea-928f-5f4dbe36cc94.jpeg,480,640
image,110,54,242,506,c8f9c602-2a42-4f28-ae4c-ae3df5138f8d.jpeg,480,640
image,184,209,122,221,caccf09f-c022-4660-9d70-d02112717b7a.jpeg,480,640
image,123,72,157,277,d1813562-0177-42fa-a14e-b025234f493b.jpeg,640,480
image,365,103,94,218,d1813562-0177-42fa-a14e-b025234f493b.jpeg,640,480
image,520,115,65,194,d1813562-0177-42fa-a14e-b025234f493b.jpeg,640,480
image,56,171,377,375,d201ad10-dd1d-4226-9234-cdd5b896f2a1.jpeg,480,640
image,83,85,317,475,dc8269fd-7e98-4e65-a3b8-4e22a0dcb7e0.jpeg,480,640
object,221,302,44,138,e85a0f5a-8bcc-4bf5-926c-6f70fe973ab5.jpeg,480,640
image,162,63,174,488,ed93637f-5435-46c3-9bc4-eed79ee11223.jpeg,480,640
image,148,2,439,325,ee13374b-1e9f-4779-8770-6ff8e4f4e37b.jpeg,640,480
image,120,202,291,309,f26a1efe-1572-4113-8c2b-f5edbcec8939.jpeg,480,640
image,85,83,473,342,0-les-oeuvres-de-misericorde-david-teniers-le-jeune-rf-1879-louvre-1-illustratio-md.jpeg,640,508
image,237,46,179,270,0282cc5d-mona-lisa-louvre.jpg,640,360
image,233,60,163,235,0Ipl4sy3-Salvator-Mundi_865727302-2.jpg,640,426
image,140,91,355,239,1392583142_a725cf17f7_b.jpg,640,426
image,71,110,417,280,1440x810_cmsv2_79a8db8e-9510-5110-9b12-b07e5ef0bf45-7659490.jpg,623,640
image,44,146,338,487,1665918919528.jpg,426,640
image,55,178,509,272,1c675-cah-in-the-louvre-marked.jpg,615,640
image,186,117,174,120,2015_morse_003.jpg,640,426
image,136,122,226,295,20180308_170837.jpg,480,640
image,47,137,332,450,20180308_171934.jpg,480,640
image,99,95,291,478,20180308_172522.jpg,480,640
image,145,111,153,161,20180308_172621.jpg,418,640
image,148,366,171,229,20180308_172621.jpg,418,640
image,62,122,293,404,20180308_173320.jpg,480,640
image,56,117,327,432,20180408_152149.jpg,480,640
image,101,68,330,499,20180429_152854.jpg,480,640
image,69,71,366,517,20180513_172005.jpg,480,640
image,13,7,467,633,20180513_172921.jpg,480,640
image,82,156,342,272,20180513_174530.jpg,480,640
image,0,153,478,321,20181028_165141.jpg,480,640
image,42,37,379,456,20181028_165709.jpg,480,640
image,192,62,374,307,20221013_092347.jpg,640,480
object,107,210,236,247,20230707_180950.jpg,480,640
object,73,152,251,315,20230707_180953.jpg,480,640
image,32,272,201,131,20230707_181010.jpg,480,640
image,247,273,200,129,20230707_181010.jpg,480,640
image,31,190,395,260,20230707_181151.jpg,480,640
image,62,207,352,232,20230707_181158.jpg,480,640
image,134,255,226,159,20230707_181201.jpg,480,640
image,121,242,330,206,20230707_181210.jpg,480,640
image,63,165,360,244,20230707_181322.jpg,480,640
image,23,138,435,295,20230707_181330.jpg,480,640
image,79,213,330,184,20230707_181338.jpg,480,640
image,82,101,297,443,20230707_181346.jpg,480,640
image,53,217,369,216,20230707_181354.jpg,480,640
image,89,196,325,251,20230707_181440.jpg,480,640
image,54,98,370,429,20230707_181501.jpg,480,640
image,71,231,157,181,20230707_181635.jpg,480,640
image,274,234,140,172,20230707_181635.jpg,480,640
image,35,122,425,368,20230707_181658.jpg,480,640
object,131,82,259,369,20230707_181923.jpg,480,640
image,108,120,282,342,20230707_181929.jpg,480,640
image,67,104,306,405,20230707_181935.jpg,480,640
object,140,115,199,378,20230707_182030.jpg,480,640
image,101,193,246,280,20230707_182035.jpg,480,640
object,59,119,317,427,20230707_182047.jpg,480,640
image,99,161,230,288,20230707_182053.jpg,480,640
image,55,151,375,297,20230707_182115.jpg,480,640
object,22,62,413,365,20230707_182131.jpg,480,640
image,162,187,175,202,20230707_182137.jpg,480,640
image,98,91,258,181,20230707_182145.jpg,480,640
image,104,351,250,170,20230707_182145.jpg,480,640
image,147,158,169,246,20230707_182153.jpg,480,640
image,157,154,200,251,20230707_182158.jpg,480,640
image,151,175,196,267,20230707_182202.jpg,480,640
image,144,186,185,251,20230707_182206.jpg,480,640
object,66,184,344,282,20230707_182258.jpg,480,640
object,36,261,375,236,20230707_182310.jpg,480,640
image,302,38,65,161,20230707_182310.jpg,480,640
image,147,167,176,248,20230707_182313.jpg,480,640
image,177,195,137,216,20230707_182317.jpg,480,640
image,110,224,299,197,20230707_182448.jpg,480,640
image,69,221,322,212,20230707_182451.jpg,480,640
image,85,211,322,211,20230707_182503.jpg,480,640
image,81,99,307,396,20230707_182515.jpg,480,640
image,104,160,272,334,20230707_182520.jpg,480,640
image,59,79,343,454,20230707_183425.jpg,480,640
image,65,265,338,114,20230707_183430.jpg,480,640
image,75,199,127,207,20230707_183434.jpg,480,640
image,285,197,160,211,20230707_183434.jpg,480,640
image,61,77,352,229,20230707_183554.jpg,480,640
image,60,350,360,239,20230707_183554.jpg,480,640
image,66,45,306,217,20230707_183610.jpg,480,640
image,75,318,290,191,20230707_183610.jpg,480,640
image,65,79,345,548,20230707_183831.jpg,480,640
image,85,74,305,435,20230707_184041.jpg,480,640
image,97,226,277,275,20230707_184048.jpg,480,640
image,101,215,269,322,20230707_184056.jpg,480,640
image,151,114,186,384,20230707_184100.jpg,480,640
image,55,132,345,349,20230707_184103.jpg,480,640
image,145,179,164,190,20230707_200601.jpg,480,640
image,96,193,282,232,20230707_200610.jpg,480,640
image,131,184,252,292,20230707_200615.jpg,480,640
image,91,45,284,479,20230707_203116.jpg,480,640
image,87,133,290,286,20230707_203120.jpg,480,640
image,37,179,392,307,20230707_203129.jpg,480,640
image,71,72,340,435,20230707_203140.jpg,480,640
image,95,12,325,533,20230707_203154.jpg,480,640
image,64,181,360,226,20230707_203324.jpg,480,640
image,151,155,205,343,20230707_203330.jpg,480,640
image,119,184,232,274,20230707_203336.jpg,480,640
image,81,61,315,523,20230707_203441.jpg,480,640
image,81,87,301,429,20230707_203448.jpg,480,640
image,56,71,363,484,20230707_203505.jpg,480,640
image,121,151,240,305,20230707_203512.jpg,480,640
image,47,55,320,544,20230707_203518.jpg,480,640
image,157,219,190,232,20230707_213146.jpg,480,640
image,160,211,191,235,20230707_213148.jpg,480,640
image,194,211,122,269,20230707_213158.jpg,480,640
image,175,142,148,351,20230707_213205.jpg,480,640
object,55,125,335,322,20230707_214036.jpg,480,640
image,47,95,377,455,20230707_214100.jpg,480,640
image,148,135,177,320,20230707_214335.jpg,480,640
image,61,160,276,327,20230707_214339.jpg,480,640
image,92,149,161,124,2440786-1882762741.jpg,640,441
image,441,174,126,75,2440786-1882762741.jpg,640,441
object,198,77,153,483,2763601300_052700b4e2_b.jpg,478,640
image,260,147,235,158,32286074024_dc1870fd4b_b.jpg,640,480
image,113,197,72,83,32286074024_dc1870fd4b_b.jpg,640,480
image,50,202,34,68,32286074024_dc1870fd4b_b.jpg,640,480
image,11,8,134,162,32614268537_491dd64c8f_b.jpg,640,213
image,200,13,78,114,32614268537_491dd64c8f_b.jpg,640,213
image,348,28,103,123,32614268537_491dd64c8f_b.jpg,640,213
image,490,19,115,137,32614268537_491dd64c8f_b.jpg,640,213
image,51,77,96,123,3_paintings.jpg,640,360
image,214,36,249,170,3_paintings.jpg,640,360
image,548,105,56,94,3_paintings.jpg,640,360
image,102,99,439,355,4109583550_d7964cfa94_b.jpg,640,560
image,35,40,399,555,4195877352_d15e3de9c5_b.jpg,471,640
image,94,110,269,307,4908.jpg,640,603
image,178,47,349,278,5.jpg,640,426
image,93,213,108,162,51966412942_f8da9520dc_b.jpg,383,640
image,156,111,296,230,51969896743_0be9f10dbb_b.jpg,640,426
image,99,101,436,313,5640717735_cda680215f_b.jpg,640,526
image,110,111,286,416,5GUKUZVJPVCDX4ABKDE52XQBVM.jpg,509,640
image,79,107,300,415,7519351@2x.jpg,476,640
image,105,51,275,525,9008.jpg,489,640
image,213,100,213,308,960x0.jpg,640,510
object,59,87,376,523,9725.jpg,480,640
image,77,123,485,392,AR_PW-44-framed.jpg,640,640
image,73,24,511,388,A_Street_in_Ikao_MET_DP105593.jpg,640,443
image,281,73,321,232,BeijingNationalArtMuseumofChina5.jpg,640,424
image,54,120,99,170,BeijingNationalArtMuseumofChina5.jpg,640,424
image,24,22,468,591,Blomstermålning_-_Hallwylska_museet_-_47427.tif.jpg,523,640
image,160,69,165,235,C23350C5-F15C-4BED-8AD1-5964010E70A6_cx0_cy7_cw0_w1200_r1.jpg,640,360
image,98,24,474,332,DSC02022 (1) The Fortune Teller.jpg,640,359
image,35,168,106,104,DSC5740.jpg,640,426
image,188,169,105,103,DSC5740.jpg,640,426
image,339,168,108,104,DSC5740.jpg,640,426
image,493,169,100,100,DSC5740.jpg,640,426
image,416,168,160,121,Direktorenhaus_Berlin_Februar_2017_Ausstellung_Katerina_Belkina_(2).jpg,640,480
image,51,177,146,99,Direktorenhaus_Berlin_Februar_2017_Ausstellung_Katerina_Belkina_(2).jpg,640,480
image,294,65,111,142,EUTYER3ELRCZPJDS634PL2SCWQ.jpeg,640,360
image,276,189,110,179,Flora-Goldenberg-Jewish-Louvre-Painting-by-delacroix-algerian-balcony-20210922-w2.jpg,475,640
object,268,177,107,153,HKHM_TTTsui_Gallery_of_Chinese_Art_Entrance_view_2016.jpg,640,426
image,0,65,639,338,IMG_0731.JPG,640,480
object,0,0,524,480,IMG_0732.JPG,640,480
image,211,165,222,340,IMG_20190715_140802.jpg,480,640
image,65,162,86,351,IMG_20190715_140802.jpg,480,640
image,101,88,285,443,IMG_20190715_152002.jpg,480,640
image,103,117,266,409,IMG_20190715_165115.jpg,480,640
object,73,169,346,300,IMG_20190907_115544.jpg,480,640
image,96,127,265,478,IMG_20191108_111900.jpg,480,640
object,34,266,174,189,IMG_20191108_112121.jpg,558,640
object,266,257,259,245,IMG_20191108_112121.jpg,558,640
object,168,222,88,200,IMG_20191108_112405.jpg,640,465
object,291,195,121,177,IMG_20191108_112405.jpg,640,465
object,489,222,103,185,IMG_20191108_112405.jpg,640,465
image,12,157,409,323,IMG_20191108_112903.jpg,480,640
image,70,241,137,106,IMG_20191108_131349.jpg,480,640
image,251,304,97,110,IMG_20191108_131349.jpg,480,640
image,399,389,81,117,IMG_20191108_131349.jpg,480,640
object,120,291,87,203,IMG_20191108_131838.jpg,480,640
object,284,366,143,100,IMG_20191108_131838.jpg,480,640
object,295,283,94,32,IMG_20191108_131838.jpg,480,640
object,274,182,97,46,IMG_20191108_131838.jpg,480,640
object,151,175,50,34,IMG_20191108_131838.jpg,480,640
object,406,166,74,77,IMG_20191108_131838.jpg,480,640
object,2,201,39,108,IMG_20191108_131838.jpg,480,640
object,0,132,74,48,IMG_20191108_131838.jpg,480,640
object,155,77,221,558,IMG_20191108_131932.jpg,480,640
image,142,1,239,622,IMG_20191108_131937.jpg,480,640
object,144,173,222,449,IMG_20200119_180522.jpg,480,640
image,15,107,427,361,IMG_20200227_170205.jpg,480,640
object,155,200,174,242,IMG_20200227_182910.jpg,480,640
object,0,117,63,201,IMG_20200227_182910.jpg,480,640
object,78,59,287,528,IMG_20200227_183637.jpg,480,640
image,75,78,338,479,IMG_20200228_123709.jpg,480,640
object,71,220,349,275,IMG_20200228_124128.jpg,480,640
object,0,0,59,345,IMG_20200228_124128.jpg,480,640
image,88,131,285,357,IMG_20200228_124838.jpg,480,640
image,114,133,272,363,IMG_20200228_125300.jpg,480,640
image,116,177,242,290,IMG_20200228_125307.jpg,480,640
image,90,179,301,192,IMG_20200228_135545.jpg,480,640
image,111,65,198,197,IMG_20200305_010523.jpg,640,480
image,401,64,102,150,IMG_20200305_010523.jpg,640,480
image,574,64,49,121,IMG_20200305_010523.jpg,640,480
image,550,237,52,85,IMG_20200305_010523.jpg,640,480
image,397,281,93,92,IMG_20200305_010523.jpg,640,480
image,160,352,156,110,IMG_20200305_010523.jpg,640,480
image,149,225,142,212,IMG_20230410_191918_259.jpg,640,602
image,319,225,143,209,IMG_20230410_191918_259.jpg,640,602
image,104,137,263,404,IMG_20230708_173544_962.jpg,480,640
image,73,54,354,526,IMG_20230708_173548_880.jpg,480,640
image,59,86,348,499,IMG_20230708_173553_532.jpg,480,640
image,32,110,412,414,IMG_20230708_173557_120.jpg,480,640
image,420,183,130,208,Image-Supplied.jpeg,615,450
image,72,152,142,215,Image-Supplied.jpeg,615,450
image,183,49,270,395,LOUVRE_Museum_Le_Cardinal_de_Richelieu_painting_by_Philippe_de_Champaigne.jpg,640,480
image,271,28,197,344,LOUVRE_Museum_Le_Pied-bot_-_by_Jusepe_Ribera_Paris.jpg,640,480
image,38,106,136,122,Louvre-Abu-Dhabi.jpg,640,334
image,466,76,134,182,Louvre-Abu-Dhabi.jpg,640,334
object,212,34,216,220,Louvre-Abu-Dhabi.jpg,640,334
object,87,64,125,355,MFA_2019_05_29-13-1000x667.jpg,640,426
image,434,51,116,199,MFA_2019_05_29-13-1000x667.jpg,640,426
image,415,45,210,172,MFA_2019_05_29-9-1000x562.jpg,640,359
image,12,85,104,105,MFA_2019_05_29-9-1000x562.jpg,640,359
object,112,91,77,159,MFA_2019_05_29-9-1000x562.jpg,640,359
image,93,80,285,498,Mademoiselle-Caroline-Riviere-Ingres-©-2005-Musee-du-Louvre-Angele-Dequier-1.jpg,480,640
image,2,45,156,178,Musée-du-Louvre-Visiteurs-devant-le-sommeil-Endymion-Marat-assassiné-le-retour-de-Marcus-Sextus--630x405--©-2019-Musée-du-Louvre-Nicolas-Guiraud.jpg,630,405
image,247,85,116,147,Musée-du-Louvre-Visiteurs-devant-le-sommeil-Endymion-Marat-assassiné-le-retour-de-Marcus-Sextus--630x405--©-2019-Musée-du-Louvre-Nicolas-Guiraud.jpg,630,405
image,440,37,190,201,Musée-du-Louvre-Visiteurs-devant-le-sommeil-Endymion-Marat-assassiné-le-retour-de-Marcus-Sextus--630x405--©-2019-Musée-du-Louvre-Nicolas-Guiraud.jpg,630,405
image,134,78,372,463,NH-2-1.jpg,640,621
image,45,79,240,373,PS1_35.176B_Fnt_DD_T09  .jpg,640,501
image,333,82,244,371,PS1_35.176B_Fnt_DD_T09  .jpg,640,501
object,143,110,271,415,PS1_48.1659_3QtrLft_DD_T14.jpg,558,640
image,184,206,139,189,Painting+of+Man+in+Red+Cap+Louvre+France.jpeg,480,640
image,187,82,271,221,Railway-Bridge-in-Chatou.jpg,640,436
image,50,87,157,119,Sala_I_in_Museo_Sorolla_Madrid_on_20161106.jpg,640,426
image,478,123,108,80,Sala_I_in_Museo_Sorolla_Madrid_on_20161106.jpg,640,426
image,325,132,71,62,Sala_I_in_Museo_Sorolla_Madrid_on_20161106.jpg,640,426
object,67,190,419,441,Screenshot_20230708_002322_Instagram.jpg,571,640
image,134,80,380,292,Screenshot_20230708_002401_Instagram.jpg,640,465
image,98,210,394,272,Screenshot_20230708_002512_Instagram.jpg,544,640
image,36,70,476,458,Screenshot_20230708_045330_Instagram.jpg,514,640
image,88,36,384,511,Screenshot_20230708_045337_Instagram.jpg,552,640
image,34,72,436,432,Screenshot_20230708_045346_Instagram.jpg,519,640
image,112,171,239,238,Screenshot_20230708_045356_Instagram.jpg,452,640
image,131,131,251,328,Screenshot_20230708_045401_Instagram.jpg,520,640
image,145,160,248,241,Screenshot_20230708_045409_Instagram.jpg,521,640
image,125,132,264,362,Screenshot_20230709_154344_Instagram.jpg,514,640
image,129,222,249,204,Screenshot_20230710_113253_Instagram.jpg,529,640
object,92,87,334,449,Screenshot_20230710_113628_Instagram.jpg,513,640
image,1,75,177,472,Screenshot_20230710_124029_Instagram.jpg,225,640
image,33,53,362,563,Screenshot_20230710_124032_Instagram.jpg,427,640
image,59,215,317,244,Screenshot_20230710_132532_Instagram.jpg,436,640
object,56,42,290,494,Screenshot_20230711_001733_Instagram.jpg,423,640
image,99,33,186,371,Signorelli_-_Wings_Pala_Bichi_-_Gemäldegalerie_Berlin.jpg,640,426
image,354,33,190,371,Signorelli_-_Wings_Pala_Bichi_-_Gemäldegalerie_Berlin.jpg,640,426
image,56,92,209,298,Visiter_le_musée_du_Louvre_aujourdhui_!_(3704740769).jpg,400,640
image,339,151,61,186,Visiter_le_musée_du_Louvre_aujourdhui_!_(3704740769).jpg,400,640
image,65,112,105,136,Von_Dürer_bis_van_Gogh_-_Sammlung_Bührle_trifft_Wallraf-6867.jpg,640,360
image,439,109,116,149,Von_Dürer_bis_van_Gogh_-_Sammlung_Bührle_trifft_Wallraf-6867.jpg,640,360
image,2,155,638,122,WLA_moma_Reflections_of_Clouds_on_the_Water-Lily_Pond_Monet.jpg,640,480
image,88,70,458,362,WLA_moma_Vincent_van_Gogh_The_Olive_Trees_3.jpg,640,501
image,192,104,176,264,What+to+see+at+the+Louvre+in+Paris (1).jpeg,474,640
image,192,101,177,266,What+to+see+at+the+Louvre+in+Paris.jpeg,474,640
image,62,89,299,357,WhatsApp Image 2023-07-07 at 23.41.05.jpeg,480,640
object,200,12,220,608,WhatsApp Image 2023-07-07 at 23.42.15.jpeg,480,640
image,3,159,296,373,WhatsApp Image 2023-07-08 at 19.40.59 (1).jpeg,302,640
image,7,175,280,368,WhatsApp Image 2023-07-08 at 19.40.59 (2).jpeg,302,640
image,56,195,198,320,WhatsApp Image 2023-07-08 at 19.40.59 (4).jpeg,302,640
image,145,54,220,182,WhatsApp Image 2023-07-08 at 19.40.59 (6).jpeg,640,302
image,13,148,271,364,WhatsApp Image 2023-07-08 at 19.41.00 (4).jpeg,302,640
image,11,112,280,424,WhatsApp Image 2023-07-08 at 19.41.00 (5).jpeg,302,640
image,87,146,283,349,WhatsApp Image 2023-07-08 at 19.41.00 (6).jpeg,477,640
image,77,237,136,189,WhatsApp Image 2023-07-08 at 19.41.00.jpeg,302,640
image,90,129,287,360,WhatsApp Image 2023-07-08 at 19.41.01 (3).jpeg,477,640
image,81,125,360,436,WhatsApp Image 2023-07-08 at 19.41.01 (4).jpeg,526,640
image,187,87,232,182,WhatsApp Image 2023-07-08 at 19.41.01.jpeg,640,357
image,0,122,296,439,WhatsApp Image 2023-07-08 at 19.41.03 (4).jpeg,302,640
image,103,236,151,214,WhatsApp Image 2023-07-08 at 19.41.03 (6).jpeg,362,640
image,15,255,228,333,WhatsApp Image 2023-07-08 at 19.jpeg,640,603
image,272,375,349,213,WhatsApp Image 2023-07-08 at 19.jpeg,640,603
image,401,11,221,334,WhatsApp Image 2023-07-08 at 19.jpeg,640,603
image,15,16,353,214,WhatsApp Image 2023-07-08 at 19.jpeg,640,603
object,121,12,271,612,WhatsApp Image 2023-07-09 at 17.23.49 (1).jpeg,480,640
object,69,52,283,515,WhatsApp Image 2023-07-09 at 17.23.49 (2).jpeg,480,640
object,72,52,273,515,WhatsApp Image 2023-07-09 at 17.23.49.jpeg,480,640
object,155,26,246,577,WhatsApp Image 2023-07-09 at 17.23.50 (1).jpeg,480,640
object,69,16,271,584,WhatsApp Image 2023-07-09 at 17.23.50.jpeg,480,640
object,6,14,473,583,WhatsApp Image 2023-07-09 at 17.23.51 (1).jpeg,480,640
object,180,0,171,603,WhatsApp Image 2023-07-09 at 17.23.51.jpeg,480,640
image,179,180,141,293,WhatsApp Image 2023-07-09 at 17.23.52 (1).jpeg,480,640
image,111,118,285,522,WhatsApp Image 2023-07-09 at 17.23.52.jpeg,480,640
image,70,161,376,378,WhatsApp Image 2023-07-09 at 17.23.53.jpeg,480,640
image,81,91,343,469,WhatsApp Image 2023-07-09 at 17.23.58.jpeg,480,640
image,100,202,304,208,WhatsApp Image 2023-07-11 at 11.18.09.jpeg,480,640
image,86,194,340,251,WhatsApp Image 2023-07-11 at 11.18.10 (1).jpeg,480,640
image,114,244,293,208,WhatsApp Image 2023-07-11 at 11.18.10.jpeg,480,640
image,76,189,314,265,WhatsApp Image 2023-07-11 at 11.18.11 (1).jpeg,480,640
image,156,165,181,339,WhatsApp Image 2023-07-11 at 11.18.11.jpeg,480,640
image,76,89,327,434,WhatsApp Image 2023-07-11 at 11.18.12 (1).jpeg,480,640
image,32,160,414,303,WhatsApp Image 2023-07-11 at 11.18.12.jpeg,480,640
image,129,213,223,262,WhatsApp Image 2023-07-11 at 11.18.13 (1).jpeg,480,640
image,31,127,407,334,WhatsApp Image 2023-07-11 at 11.18.14 (1).jpeg,480,640
image,149,160,205,254,WhatsApp Image 2023-07-11 at 11.18.14.jpeg,480,640
image,34,14,407,572,WhatsApp Image 2023-07-11 at 11.18.15 (1).jpeg,480,640
image,116,129,261,261,WhatsApp Image 2023-07-11 at 11.18.15.jpeg,480,640
image,119,132,236,282,WhatsApp Image 2023-07-11 at 11.18.16 (1).jpeg,480,640
image,116,165,248,325,WhatsApp Image 2023-07-11 at 11.18.16.jpeg,480,640
image,116,96,247,419,WhatsApp Image 2023-07-11 at 11.18.17 (1).jpeg,480,640
image,101,115,240,349,WhatsApp Image 2023-07-11 at 11.18.17.jpeg,480,640
image,69,111,355,354,WhatsApp Image 2023-07-11 at 11.18.18 (1).jpeg,480,640
image,55,127,376,310,WhatsApp Image 2023-07-11 at 11.18.18.jpeg,480,640
image,52,152,384,295,WhatsApp Image 2023-07-11 at 11.18.19 (1).jpeg,480,640
image,99,172,280,224,WhatsApp Image 2023-07-11 at 11.18.19.jpeg,480,640
image,49,153,329,326,WhatsApp Image 2023-07-11 at 11.18.20 (1).jpeg,480,640
image,61,152,361,280,WhatsApp Image 2023-07-11 at 11.18.20.jpeg,480,640
image,62,139,326,346,WhatsApp Image 2023-07-11 at 11.18.21.jpeg,480,640
image,88,105,330,437,WhatsApp Image 2023-07-11 at 11.22.48 (1).jpeg,480,640
image,41,109,385,345,WhatsApp Image 2023-07-11 at 11.22.48 (10).jpeg,480,640
image,99,102,301,402,WhatsApp Image 2023-07-11 at 11.22.48 (11).jpeg,480,640
image,35,128,401,298,WhatsApp Image 2023-07-11 at 11.22.48 (12).jpeg,480,640
image,46,154,379,243,WhatsApp Image 2023-07-11 at 11.22.48 (13).jpeg,480,640
image,29,135,424,320,WhatsApp Image 2023-07-11 at 11.22.48 (14).jpeg,480,640
image,100,169,290,231,WhatsApp Image 2023-07-11 at 11.22.48 (15).jpeg,480,640
image,96,201,299,199,WhatsApp Image 2023-07-11 at 11.22.48 (16).jpeg,480,640
image,56,141,365,281,WhatsApp Image 2023-07-11 at 11.22.48 (17).jpeg,480,640
image,61,160,357,285,WhatsApp Image 2023-07-11 at 11.22.48 (18).jpeg,480,640
image,124,188,265,211,WhatsApp Image 2023-07-11 at 11.22.48 (19).jpeg,480,640
image,81,129,315,240,WhatsApp Image 2023-07-11 at 11.22.48 (2).jpeg,480,640
image,59,173,357,256,WhatsApp Image 2023-07-11 at 11.22.48 (20).jpeg,480,640
image,106,161,258,330,WhatsApp Image 2023-07-11 at 11.22.48 (21).jpeg,480,640
image,71,131,369,272,WhatsApp Image 2023-07-11 at 11.22.48 (22).jpeg,480,640
image,56,165,357,266,WhatsApp Image 2023-07-11 at 11.22.48 (23).jpeg,480,640
image,111,164,258,337,WhatsApp Image 2023-07-11 at 11.22.48 (24).jpeg,480,640
image,82,210,340,200,WhatsApp Image 2023-07-11 at 11.22.48 (3).jpeg,480,640
image,37,175,373,265,WhatsApp Image 2023-07-11 at 11.22.48 (4).jpeg,480,640
image,54,126,372,271,WhatsApp Image 2023-07-11 at 11.22.48 (5).jpeg,480,640
image,69,132,351,295,WhatsApp Image 2023-07-11 at 11.22.48 (6).jpeg,480,640
image,59,149,389,270,WhatsApp Image 2023-07-11 at 11.22.48 (7).jpeg,480,640
image,66,151,361,275,WhatsApp Image 2023-07-11 at 11.22.48 (8).jpeg,480,640
image,49,113,394,302,WhatsApp Image 2023-07-11 at 11.22.48 (9).jpeg,480,640
image,22,97,436,350,WhatsApp Image 2023-07-11 at 11.22.48.jpeg,480,640
image,58,154,289,345,WhatsApp Image 2023-07-11 at 11.jpeg,465,640
image,20,6,299,443,YW046234V_An-Indian-deity-with-twelve-arms-and-six-heads-sitting-with-his-wife.jpg,387,512
object,132,42,92,385,YWA0106935_Figure-of-Thoth-Iah-Moon-God.jpg,348,512
image,33,34,573,266,abraham-govaerts-feast-of-gods-m-ob-816-national-museum-in-warsaw-illustration-md.jpeg,640,332
object,124,82,306,341,ancient-antique-art-culture.jpg,640,426
object,452,203,107,89,ancient-antique-art-culture.jpg,640,426
image,67,58,208,260,art-art-gallery-art-studio.jpg,640,640
image,328,75,156,224,art-art-gallery-art-studio.jpg,640,640
image,423,152,95,140,art-art-gallery-canvas-artwork-canvases.jpg,640,426
image,108,146,267,150,art-art-gallery-canvas-artwork-canvases.jpg,640,426
image,79,69,153,259,art-observer-person-kustwerk.jpg,480,640
image,176,53,334,287,big-art-at-the-louvre-carl-purcell.jpg,640,523
image,33,148,75,181,big-art-at-the-louvre-carl-purcell.jpg,640,523
object,155,42,181,450,bilbao-sculpture-guggenheim.jpg,480,640
image,102,138,260,359,cHJpdmF0ZS9sci9pbWFnZXMvd2Vic2l0ZS8yMDIyLTA4L2xyL21pYTY2NTk1LWltYWdlLmpwZw.jpg,469,640
image,47,76,519,333,caption (1).jpg,640,480
image,143,131,363,245,caption.jpg,640,468
image,120,118,301,405,domenico-ghirlandaio-portrait-d-un-vieillard-et-d-un-jeune-garcon.jpg,541,640
image,30,254,157,153,dsc57_1.jpg,480,640
image,259,252,154,156,dsc57_1.jpg,480,640
object,100,116,142,259,easter-island-2980842_1280.jpg,360,640
object,178,63,327,294,egypt-statue-pharaoh-museum.jpg,640,426
object,5,18,491,598,egypt-thebes-late-period-late-dynasty-25-to-early-dynasty-26-small-head-of-e5e3b2-1024.jpg,520,640
object,171,37,126,529,egyptian-museum-sculpture-antiquity-torino.jpg,480,640
object,233,46,98,334,female-head-bust.jpg,640,426
image,491,124,64,79,gettyimages-1182703648-594x594.jpg,594,404
image,78,75,90,140,gettyimages-1182703648-594x594.jpg,594,404
object,77,83,391,505,harnessed-mastiff-sichuan-province-china-eastern-han-dynasty-1st-2nd-century-05cfba-1024.jpg,536,640
image,151,83,257,265,hipster_celebs1.jpg,493,640
image,196,474,228,140,hipster_celebs1.jpg,493,640
image,155,27,173,255,hipster_celebs2.jpg,420,640
image,147,394,157,155,hipster_celebs2.jpg,420,640
image,173,202,168,195,image00001.jpeg,480,640
image,131,166,232,320,image00002.jpeg,480,640
object,27,161,417,248,image00003.jpeg,480,640
image,79,216,300,213,image00004.jpeg,480,640
image,141,260,196,151,image00005.jpeg,480,640
image,52,241,373,148,image00006.jpeg,480,640
image,45,231,383,266,image00007.jpeg,480,640
image,37,222,365,241,image00008.jpeg,480,640
image,83,196,340,225,image00009.jpeg,480,640
image,90,164,214,128,image00010.jpeg,480,640
image,142,335,260,181,image00010.jpeg,480,640
object,130,45,251,442,image00019.jpeg,480,640
object,71,175,367,244,image00020.jpeg,480,640
object,58,77,389,419,image00021.jpeg,480,640
object,127,52,224,474,image00022.jpeg,480,640
object,308,1,77,201,image00022.jpeg,480,640
object,99,0,90,111,image00022.jpeg,480,640
object,361,237,119,107,image00022.jpeg,480,640
object,0,123,65,151,image00022.jpeg,480,640
object,85,52,269,488,image00023.jpeg,480,640
object,126,13,182,561,image00025.jpeg,480,640
object,356,0,124,250,image00025.jpeg,480,640
object,97,44,265,509,image00026.jpeg,480,640
object,115,37,263,543,image00027.jpeg,480,640
object,46,87,410,384,image00028.jpeg,480,640
object,126,1,215,86,image00028.jpeg,480,640
object,84,136,325,300,image00029.jpeg,480,640
image,109,75,251,384,image00030.jpeg,480,640
image,69,228,127,169,image00031.jpeg,480,640
image,286,235,121,162,image00031.jpeg,480,640
image,166,217,188,251,image00032.jpeg,480,640
image,165,206,143,241,image00033.jpeg,480,640
image,159,241,187,189,image00034.jpeg,480,640
image,50,146,375,287,image00035.jpeg,480,640
image,38,128,394,297,image00036.jpeg,480,640
object,121,211,222,221,image00037.jpeg,480,640
image,71,146,365,259,image00038.jpeg,480,640
image,159,177,162,232,image00039.jpeg,480,640
image,201,257,84,141,image00040.jpeg,480,640
image,53,231,128,186,image00041.jpeg,480,640
image,212,350,167,112,image00041.jpeg,480,640
image,300,96,117,181,image00041.jpeg,480,640
image,130,126,223,323,image00042.jpeg,480,640
image,409,343,71,199,image00042.jpeg,480,640
image,62,35,368,558,image00043.jpeg,480,640
image,235,379,119,162,image00044.jpeg,480,640
image,101,373,82,114,image00044.jpeg,480,640
image,311,141,109,162,image00044.jpeg,480,640
image,176,146,99,157,image00044.jpeg,480,640
image,48,152,92,150,image00044.jpeg,480,640
image,136,75,109,157,image00044_1.jpeg,640,432
image,313,86,160,212,image00044_1.jpeg,640,432
image,66,203,119,202,image00044_2.jpeg,640,470
image,235,197,129,208,image00044_2.jpeg,640,470
image,416,186,144,215,image00044_2.jpeg,640,470
image,77,72,321,434,image00045.jpeg,480,640
image,24,149,380,281,image00046.jpeg,480,640
image,81,119,321,439,image00047.jpeg,480,640
image,27,146,395,311,image00048.jpeg,480,640
image,66,113,337,494,image00049.jpeg,480,640
image,111,131,242,374,image00050.jpeg,480,640
image,56,221,365,235,image00051.jpeg,480,640
image,48,207,391,257,image00052.jpeg,480,640
image,116,82,254,479,image00053.jpeg,480,640
image,42,106,350,391,image00054.jpeg,480,640
image,131,191,226,260,image00055.jpeg,480,640
image,71,124,323,328,image00056.jpeg,480,640
image,161,197,151,272,image00057.jpeg,480,640
image,124,250,194,145,image00058.jpeg,480,640
image,124,191,182,122,image00059.jpeg,480,640
image,121,571,147,69,image00059.jpeg,480,640
image,91,89,270,346,image00060.jpeg,480,640
image,423,72,57,338,image00060.jpeg,480,640
image,63,126,297,384,image00061.jpeg,480,640
image,1,116,58,345,image00061.jpeg,480,640
image,185,185,118,139,image00062.jpeg,480,640
image,186,355,122,135,image00062.jpeg,480,640
image,56,65,330,459,image00063.jpeg,480,640
image,78,131,295,394,image00064.jpeg,480,640
image,123,189,206,298,image00065.jpeg,480,640
image,136,164,181,306,image00066.jpeg,480,640
image,138,201,161,285,image00067.jpeg,480,640
image,76,211,313,211,image00068.jpeg,480,640
image,79,251,314,187,image00069.jpeg,480,640
object,83,138,235,333,image00070.jpeg,480,640
image,357,253,66,97,image00070.jpeg,480,640
object,36,69,375,478,image00071.jpeg,480,640
image,51,82,253,430,image00072.jpeg,480,640
image,343,251,104,256,image00072.jpeg,480,640
image,45,55,355,490,image00073.jpeg,480,640
image,116,107,201,389,image00074.jpeg,480,640
image,107,80,280,434,image00075.jpeg,480,640
image,121,138,271,370,image00076.jpeg,480,640
image,81,135,351,413,image00077.jpeg,480,640
image,71,194,351,243,image00078.jpeg,480,640
image,110,131,334,336,image00079.jpeg,480,640
image,64,79,355,426,image00080.jpeg,480,640
image,80,177,312,325,image00081.jpeg,480,640
image,49,191,385,255,image00082.jpeg,480,640
image,100,140,297,384,image00083.jpeg,480,640
image,81,150,315,369,image00084.jpeg,480,640
image,86,193,330,290,image00085.jpeg,480,640
image,70,173,368,331,image00086.jpeg,480,640
image,25,197,424,286,image00087.jpeg,480,640
image,81,151,339,332,image00088.jpeg,480,640
image,47,80,403,496,image00089.jpeg,480,640
image,152,168,216,325,image00090.jpeg,480,640
image,38,97,365,429,image00091.jpeg,480,640
image,51,87,349,464,image00092.jpeg,480,640
image,190,227,131,195,image00093.jpeg,480,640
image,61,35,368,560,image00094.jpeg,480,640
image,117,141,271,340,image00095.jpeg,480,640
image,131,223,201,258,image00096.jpeg,480,640
image,63,107,321,400,image00097.jpeg,480,640
image,88,141,282,331,image00098.jpeg,480,640
image,36,59,389,462,image00099.jpeg,480,640
image,59,48,350,543,image00100.jpeg,480,640
image,63,151,318,285,image00101.jpeg,480,640
image,91,48,343,539,image00102.jpeg,480,640
image,86,112,290,394,image00103.jpeg,480,640
image,126,139,236,394,image00104.jpeg,480,640
image,65,190,346,256,image00105.jpeg,480,640
image,87,223,337,198,image00106.jpeg,480,640
image,141,216,191,163,image00107.jpeg,480,640
image,74,216,325,236,image00108.jpeg,480,640
image,188,185,156,275,image00109.jpeg,480,640
image,444,245,34,148,image00109.jpeg,480,640
image,86,249,278,154,image00110.jpeg,480,640
image,52,63,375,511,image00111.jpeg,480,640
image,98,97,275,423,image00112.jpeg,480,640
image,149,149,223,340,image00113.jpeg,480,640
image,77,39,490,417,inet1.jpg,640,480
image,37,38,147,208,inet2.jpg,640,426
image,244,34,163,212,inet2.jpg,640,426
image,454,33,157,215,inet2.jpg,640,426
object,35,123,438,454,iranian_marble_thing.jpg,505,640
image,74,121,261,341,iris_musuem_1.jpg,389,622
image,70,131,42,87,iris_musuem_2.jpg,423,461
image,221,119,40,123,iris_musuem_2.jpg,423,461
image,321,112,69,138,iris_musuem_2.jpg,423,461
image,457,83,76,98,ivan-guilbert-louvre-copyists-5.jpg,640,426
image,123,42,110,162,ivan-guilbert-louvre-copyists-5.jpg,640,426
image,248,113,95,189,ivan-guilbert-louvre-copyists-5.jpg,640,426
image,124,91,310,459,korea_museum_1.jpg,492,640
image,58,314,74,107,korea_museum_2.jpg,500,640
image,246,341,73,56,korea_museum_2.jpg,500,640
image,402,317,53,106,korea_museum_2.jpg,500,640
image,74,233,62,71,korea_museum_3.jpg,541,640
image,220,152,95,244,korea_museum_3.jpg,541,640
image,365,207,57,136,korea_museum_3.jpg,541,640
image,203,161,191,339,kunze1.jpg,550,640
object,69,11,222,395,kunze2.jpg,400,510
image,113,113,300,418,la-cage-nicolas-lancret-collections-du-musee-du-louvre-illustration-md.jpeg,523,640
image,78,81,481,335,la-constitution-du-3-mai-1791-esquisse-jan-matejko-1-illustration-md.jpeg,640,497
image,191,219,145,128,leidermann_1.jpg,407,640
image,325,266,57,70,leidermann_2.jpg,484,640
image,70,255,88,89,leidermann_2.jpg,484,640
image,181,224,74,115,leidermann_3.jpg,470,640
image,97,45,122,181,louvre-mobile-square320.jpg,320,320
image,257,80,221,269,louvre-museum-louise-vernet-enfant-by-gericault-paris-illustration-md.jpeg,640,480
image,108,114,245,172,louvre1.jpg,473,531
image,44,210,53,122,louvre2.jpg,378,640
image,176,168,66,196,louvre2.jpg,378,640
image,0,133,163,294,louvre30.jpg,374,640
image,261,223,40,147,louvre30.jpg,374,640
image,70,196,263,229,louvre_abu_1.jpg,400,627
object,0,68,398,422,louvre_abu_2.jpg,398,627
image,71,140,254,343,louvre_abu_3.jpg,398,625
image,36,100,145,122,louvre_children_1.jpg,421,553
image,40,262,137,99,louvre_children_1.jpg,421,553
image,305,244,59,88,louvre_children_1.jpg,421,553
image,48,68,222,281,louvre_children_2.jpg,332,457
image,118,102,153,125,louvre_children_3.jpg,364,535
image,125,264,139,101,louvre_children_3.jpg,364,535
image,78,182,157,236,louvre_online_1.jpg,497,630
image,319,88,131,183,louvre_online_1.jpg,497,630
image,346,324,72,105,louvre_online_1.jpg,497,630
image,132,246,120,127,louvre_online_2.jpg,351,495
image,285,247,55,124,louvre_online_2.jpg,351,495
image,267,95,82,101,louvre_online_2.jpg,351,495
image,67,18,369,548,markus_1.jpg,461,640
image,25,23,550,333,markus_2.jpg,640,421
image,28,33,398,584,markus_3.jpg,472,640
image,42,44,573,346,markus_4.jpg,640,413
image,104,18,406,310,maxresdefault.jpg,640,360
image,49,41,164,203,modern_2_1.jpg,514,341
image,280,32,181,224,modern_2_1.jpg,514,341
image,78,77,328,485,mona-lisa.jpg,484,640
image,37,62,389,526,monet-agapanthes-marmottan-991f9d-1024.jpg,480,640
image,57,55,526,387,museum-table-painting (1).jpg,640,494
image,103,94,438,303,museum-table-painting (2).jpg,640,498
image,98,96,441,349,museum-table-painting.jpg,640,541
image,27,25,590,491,painter-robert-delaunay-carousel-pigs-oil-on-canvas-illustration-md.jpeg,640,540
image,30,39,131,255,people-art-europe-france-preview.jpg,640,426
image,229,96,188,158,people-art-europe-france-preview.jpg,640,426
image,505,17,132,298,people-art-europe-france-preview.jpg,640,426
image,53,104,141,338,person-human-art-berlin.jpg,426,640
image,157,108,303,266,picasso-pablo-picasso-museum-painting-art-new-york.jpg,640,480
image,56,115,560,111,reflections-of-clouds-on-the-water-lily-pond-e38225-1024.jpg,640,365
object,101,17,194,595,sculpture-figure-statue-art-woman-stone.jpg,426,640
object,56,120,305,301,sculpture-hearts-in-san-francisco-public-art-installation-union-square-san-eec79b-1024.jpg,427,640
object,27,25,447,588,shiva-nataraja-tamil-nadu-india-chola-dynasty-1000s-ad-bronze-dallas-museum-36851f-1024.jpg,505,640
image,254,91,105,154,shutterstockRF_167725478.jpg,640,360
object,58,68,132,338,tablets1.jpg,577,640
object,316,190,236,170,tablets1.jpg,577,640
object,333,45,157,66,tablets1.jpg,577,640
object,157,92,164,399,tablets2.jpg,431,640
object,32,92,418,344,the-national-palace-museum-1787828_1280.jpg,640,474
image,11,14,216,275,the-nymphs-of-parthenope-led-toward-the-banks-of-the-seine-charles-meynier-1827-a2a2e560.jpg,240,308
image,77,142,158,130,thomascole_02_wide-12cdf689fad319885471c468f32e6dd5fd31ca14-s1100-c50.jpg,640,359
image,408,127,177,128,thomascole_02_wide-12cdf689fad319885471c468f32e6dd5fd31ca14-s1100-c50.jpg,640,359
image,275,55,170,191,women-7810845_1280.jpg,640,426
